district,link
Phú Nhuận,https://www.google.com/maps/place/The+Little+Door/data=!4m7!3m6!1s0x31752facfe18575b:0xd4877dbf5e55b6ad!8m2!3d10.787121!4d106.692198!16s%2Fg%2F11gmwsb3p6!19sChIJW1cY_qwvdTERrbZVXr99h9Q?authuser=0&hl=en&rclk=1
Phú Nhuận,https://www.google.com/maps/place/C%C3%B4n+S%C6%A1n+Restaurant+%26+Lounge/data=!4m7!3m6!1s0x31752fac4bc9f27d:0x7f78b7bf9cd3d81f!8m2!3d10.7843201!4d106.6850108!16s%2Fg%2F11rp0hrv8z!19sChIJffLJS6wvdTERH9jTnL-3eH8?authuser=0&hl=en&rclk=1
Phú Nhuận,https://www.google.com/maps/place/Nh%C3%A0+H%C3%A0ng+C%C6%A1m+T%E1%BA%A5m+Kim+K%C3%AA/data=!4m7!3m6!1s0x31752922a823b47d:0xd74928873a072599!8m2!3d10.8128361!4d106.6652015!16s%2Fg%2F1pp2v29hb!19sChIJfbQjqCIpdTERmSUHOocoSdc?authuser=0&hl=en&rclk=1
Phú Nhuận,https://www.google.com/maps/place/Nh%C3%A0+H%C3%A0ng+Ch%E1%BA%A3+C%C3%A1+L%C3%A3+V%E1%BB%8Dng/data=!4m7!3m6!1s0x31752913b5dcc42f:0x313a4898ef207ab8!8m2!3d10.8115621!4d106.6669219!16s%2Fg%2F11jw9d8fw9!19sChIJL8TctRMpdTERuHog75hIOjE?authuser=0&hl=en&rclk=1
Phú Nhuận,https://www.google.com/maps/place/Com+Ngon+%26+Cong+Chua+Pot+Restaurant/data=!4m7!3m6!1s0x3175291809b77887:0x2e6f35d488312bb3!8m2!3d10.8129466!4d106.6654658!16s%2Fg%2F1pzxb2syl!19sChIJh3i3CRgpdTERsysxiNQ1by4?authuser=0&hl=en&rclk=1
Phú Nhuận,https://www.google.com/maps/place/Nh%C3%A0+H%C3%A0ng+V%E1%BB%B1a+H%E1%BA%A3i+S%E1%BA%A3n+H%C3%B2n+%C4%90%E1%BA%A3o/data=!4m7!3m6!1s0x317529187eff30b1:0x6e1d920da2c4750d!8m2!3d10.8129654!4d106.6671771!16s%2Fg%2F11fx8yrjtg!19sChIJsTD_fhgpdTERDXXEog2SHW4?authuser=0&hl=en&rclk=1
Phú Nhuận,https://www.google.com/maps/place/Qua+Ngon+Restaurant/data=!4m7!3m6!1s0x317528d50af73fcb:0x3a1550f5be1d7af8!8m2!3d10.7968835!4d106.6652361!16s%2Fg%2F1hc6z18mj!19sChIJyz_3CtUodTER-HodvvVQFTo?authuser=0&hl=en&rclk=1
Phú Nhuận,https://www.google.com/maps/place/Nh%C3%A0+H%C3%A0ng+Hoa+vi%C3%AAn+Tri+K%E1%BB%B7/data=!4m7!3m6!1s0x317528df035f4665:0x6b9d7fc885b17935!8m2!3d10.8102932!4d106.6723832!16s%2Fg%2F11_tlfjck!19sChIJZUZfA98odTERNXmxhch_nWs?authuser=0&hl=en&rclk=1
Phú Nhuận,https://www.google.com/maps/place/Dat+Tien+Sa+Restaurant/data=!4m7!3m6!1s0x3175292338c7f24b:0x56b1455845c1e9aa!8m2!3d10.8085229!4d106.665356!16s%2Fg%2F1hc3d2fd8!19sChIJS_LHOCMpdTERqunBRVhFsVY?authuser=0&hl=en&rclk=1
Phú Nhuận,https://www.google.com/maps/place/Nh%C3%A0+h%C3%A0ng+c%C3%A2y+sung/data=!4m7!3m6!1s0x317529192f9fe1a5:0xe404e01ea77ff268!8m2!3d10.8160564!4d106.6697346!16s%2Fg%2F1tdzj18f!19sChIJpeGfLxkpdTERaPJ_px7gBOQ?authuser=0&hl=en&rclk=1
Phú Nhuận,https://www.google.com/maps/place/Qu%C3%A1n+%C4%82n+Hu%E1%BA%BF+Ho%C3%A0ng+Gia/data=!4m7!3m6!1s0x31752941fa0faec5:0x51929b163a1c8109!8m2!3d10.812402!4d106.667268!16s%2Fg%2F11h5rdd141!19sChIJxa4P-kEpdTERCYEcOhabklE?authuser=0&hl=en&rclk=1
Phú Nhuận,https://www.google.com/maps/place/Nh%C3%A0+H%C3%A0ng+H%C6%B0%C6%A1ng+Cau+1/data=!4m7!3m6!1s0x3175292dc9093a4d:0xe146553bc81dbb0f!8m2!3d10.795393!4d106.66716!16s%2Fg%2F1td9b7qw!19sChIJTToJyS0pdTERD7sdyDtVRuE?authuser=0&hl=en&rclk=1
Phú Nhuận,https://www.google.com/maps/place/Nh%C3%A0+H%C3%A0ng+C%C6%A1m+Ni%C3%AAu+Tr%C6%B0%E1%BB%9Dng+S%C6%A1n/data=!4m7!3m6!1s0x317529d820883e11:0x7f993d1e0e75a8ab!8m2!3d10.8056024!4d106.6646204!16s%2Fg%2F11j09ywjx1!19sChIJET6IINgpdTERq6h1Dh49mX8?authuser=0&hl=en&rclk=1
Phú Nhuận,https://www.google.com/maps/place/Nh%C3%A0+H%C3%A0ng+V%C6%B0%E1%BB%9Dn+D%E1%BB%ABa/data=!4m7!3m6!1s0x31752925482d797f:0x65a4c97fcc9dcce!8m2!3d10.80347!4d106.6650045!16s%2Fg%2F11btrqz5nb!19sChIJf3ktSCUpdTERztzJ_JdMWgY?authuser=0&hl=en&rclk=1
Phú Nhuận,https://www.google.com/maps/place/M%E1%BB%98C+Ri%C3%AAu+%26+N%C6%B0%E1%BB%9Bng/data=!4m7!3m6!1s0x317529236509eb2d:0x48ead32982a84ba7!8m2!3d10.8079318!4d106.666462!16s%2Fg%2F11b7lcqzh9!19sChIJLesJZSMpdTERp0uoginT6kg?authuser=0&hl=en&rclk=1
Phú Nhuận,https://www.google.com/maps/place/Nh%C3%A0+h%C3%A0ng+H%C6%B0%C6%A1ng+V%E1%BB%8B+B%E1%BA%AFc/data=!4m7!3m6!1s0x31752992cdfe1ad7:0xa2e73220a553a0e0!8m2!3d10.8115621!4d106.6669219!16s%2Fg%2F11t27c2g4b!19sChIJ1xr-zZIpdTER4KBTpSAy56I?authuser=0&hl=en&rclk=1
Phú Nhuận,https://www.google.com/maps/place/Nh%C3%A0+H%C3%A0ng+%E1%BA%A8m+Th%E1%BB%B1c+Farm+2/data=!4m7!3m6!1s0x31752fec6f0cd581:0xfee70851aeecf6e6!8m2!3d10.8119791!4d106.6682394!16s%2Fg%2F11h_12tgzz!19sChIJgdUMb-wvdTER5vbsrlEI5_4?authuser=0&hl=en&rclk=1
Phú Nhuận,https://www.google.com/maps/place/Nh%C3%A0+H%C3%A0ng+Qu%E1%BA%BF+L%C3%A2m+Qu%C3%A1n/data=!4m7!3m6!1s0x317529e38c49e6dd:0xb138a9f6340493b3!8m2!3d10.8047334!4d106.665194!16s%2Fg%2F11h64nvcsy!19sChIJ3eZJjOMpdTERs5MENPapOLE?authuser=0&hl=en&rclk=1
Phú Nhuận,https://www.google.com/maps/place/Nh%C3%A0+H%C3%A0ng+Ho%C3%A0ng+Long/data=!4m7!3m6!1s0x317529f166390c49:0x16dc9fca4804bdcd!8m2!3d10.7992927!4d106.6657971!16s%2Fg%2F11gy1wldv6!19sChIJSQw5ZvEpdTERzb0ESMqf3BY?authuser=0&hl=en&rclk=1
Phú Nhuận,https://www.google.com/maps/place/Nh%C3%A0+h%C3%A0ng+Sky/data=!4m7!3m6!1s0x3175296cdb6dbdd3:0xa6086d2a982606f8!8m2!3d10.8002411!4d106.6721411!16s%2Fg%2F11h5p6hxd3!19sChIJ071t22wpdTER-AYmmCptCKY?authuser=0&hl=en&rclk=1
Phú Nhuận,https://www.google.com/maps/place/Garden+Town+Restaurant+Tan+Binh/data=!4m7!3m6!1s0x3175292ff423976f:0x1354e44c4d8dc883!8m2!3d10.8012569!4d106.6664961!16s%2Fg%2F1td8wm03!19sChIJb5cj9C8pdTERg8iNTUzkVBM?authuser=0&hl=en&rclk=1
Phú Nhuận,https://www.google.com/maps/place/C%C6%A1m+Rang+D%C6%B0a+B%C3%B2/data=!4m7!3m6!1s0x31752918873f3bef:0xa6b8bac52c125b5b!8m2!3d10.8131377!4d106.6679511!16s%2Fg%2F11j00t87gg!19sChIJ7zs_hxgpdTERW1sSLMW6uKY?authuser=0&hl=en&rclk=1
Phú Nhuận,https://www.google.com/maps/place/Ni%C3%AAu+Ta+Lounge+%26+Restaurant/data=!4m7!3m6!1s0x317529f92b76b4c9:0xfb3e4f1dd8a03d1d!8m2!3d10.7992583!4d106.6737062!16s%2Fg%2F11hg_xwwm8!19sChIJybR2K_kpdTERHT2g2B1PPvs?authuser=0&hl=en&rclk=1
Phú Nhuận,https://www.google.com/maps/place/Nh%C3%A0+H%C3%A0ng+C%C6%A1m+Ni%C3%AAu+Vi%E1%BB%87t+Nam/data=!4m7!3m6!1s0x31752948636c2fc5:0x358f08ee263f7a4f!8m2!3d10.8019967!4d106.6500415!16s%2Fg%2F11gc_zz0k9!19sChIJxS9sY0gpdTERT3o_Ju4IjzU?authuser=0&hl=en&rclk=1
Phú Nhuận,https://www.google.com/maps/place/Hansol+Restaurant+%ED%95%9C%EC%86%94%EC%8B%9D%EB%8B%B9/data=!4m7!3m6!1s0x3175293c805dfd25:0xc2d31bfd84357100!8m2!3d10.8077617!4d106.6616477!16s%2Fg%2F11c5b1r3l_!19sChIJJf1dgDwpdTERAHE1hP0b08I?authuser=0&hl=en&rclk=1
Phú Nhuận,https://www.google.com/maps/place/Nh%C3%A0+H%C3%A0ng+C%C3%A2y+M%C3%ADt/data=!4m7!3m6!1s0x3175293ca41a637f:0xe65091940fb6daf4!8m2!3d10.807708!4d106.663668!16s%2Fg%2F11x9sjwlp!19sChIJf2MapDwpdTER9Nq2D5SRUOY?authuser=0&hl=en&rclk=1
Phú Nhuận,https://www.google.com/maps/place/B%C3%BAn+ch%E1%BA%A3+V%C3%A2n+Anh/data=!4m7!3m6!1s0x3175291886c41b47:0x9b2396c8601aab62!8m2!3d10.8131352!4d106.6676398!16s%2Fg%2F1vn9ll2c!19sChIJRxvEhhgpdTERYqsaYMiWI5s?authuser=0&hl=en&rclk=1
Phú Nhuận,https://www.google.com/maps/place/Nh%C3%A0+H%C3%A0ng+Lynh+Anh/data=!4m7!3m6!1s0x317529cdeb926941:0xa5cfdd4340fa4f8e!8m2!3d10.799184!4d106.673553!16s%2Fg%2F11mvmxbwxv!19sChIJQWmS680pdTERjk_6QEPdz6U?authuser=0&hl=en&rclk=1
Phú Nhuận,https://www.google.com/maps/place/L%C3%A0ng+V%C5%A9+%C4%90%E1%BA%A1i+Restaurant/data=!4m7!3m6!1s0x31752931e4ff64e9:0x6c98679a52ba9f8d!8m2!3d10.7985372!4d106.6627597!16s%2Fg%2F11csrg4dt3!19sChIJ6WT_5DEpdTERjZ-6UppnmGw?authuser=0&hl=en&rclk=1
Phú Nhuận,https://www.google.com/maps/place/C%C6%A1m+C%E1%BA%ADu+C%E1%BA%A3/data=!4m7!3m6!1s0x317529d135089343:0xa246aa5613c756ee!8m2!3d10.813127!4d106.668284!16s%2Fg%2F11pc1nks_x!19sChIJQ5MINdEpdTER7lbHE1aqRqI?authuser=0&hl=en&rclk=1
Phú Nhuận,https://www.google.com/maps/place/Nh%C3%A0+H%C3%A0ng+Chef+Mamma%60s/data=!4m7!3m6!1s0x3175293cad0778d5:0x8ef43f120128cdb8!8m2!3d10.8077947!4d106.6631739!16s%2Fg%2F1tfrjv56!19sChIJ1XgHrTwpdTERuM0oARI_9I4?authuser=0&hl=en&rclk=1
Phú Nhuận,https://www.google.com/maps/place/Pepper+Lunch+Menas/data=!4m7!3m6!1s0x317529674346a7e1:0xc388bddcdbf5c03!8m2!3d10.8130253!4d106.6657579!16s%2Fg%2F11kjz504fv!19sChIJ4adGQ2cpdTERA1y_zd2LOAw?authuser=0&hl=en&rclk=1
Phú Nhuận,https://www.google.com/maps/place/Nh%C3%A0+h%C3%A0ng+Tokyo+Deli/data=!4m7!3m6!1s0x31752924ad22211f:0x9fd7c6c22b70cd97!8m2!3d10.8071865!4d106.6647461!16s%2Fg%2F11b72jn92s!19sChIJHyEirSQpdTERl81wK8LG158?authuser=0&hl=en&rclk=1
Phú Nhuận,https://www.google.com/maps/place/Nh%C3%A0+H%C3%A0ng+%C4%90i%E1%BB%83m+H%E1%BA%B9n/data=!4m7!3m6!1s0x3175291f2b6b52a5:0xd879e66d9b758c21!8m2!3d10.8085076!4d106.6755116!16s%2Fg%2F11j0zsdy8r!19sChIJpVJrKx8pdTERIYx1m23medg?authuser=0&hl=en&rclk=1
Phú Nhuận,https://www.google.com/maps/place/Big+Bowl/data=!4m7!3m6!1s0x3175291e43518fbb:0xb18e9a7381471fc7!8m2!3d10.8163366!4d106.6638183!16s%2Fg%2F11kpf2tkn4!19sChIJu49RQx4pdTERxx9HgXOajrE?authuser=0&hl=en&rclk=1
Phú Nhuận,https://www.google.com/maps/place/Qu%C3%A1n+C%C3%A1+R%C3%B4/data=!4m7!3m6!1s0x317529b72f30eb09:0x7e6dca951aecc262!8m2!3d10.8125004!4d106.6671684!16s%2Fg%2F11hdy4dbw6!19sChIJCeswL7cpdTERYsLsGpXKbX4?authuser=0&hl=en&rclk=1
Phú Nhuận,https://www.google.com/maps/place/noodle+shop/data=!4m7!3m6!1s0x3175294a8e098b43:0x2eb9b1a47a344f92!8m2!3d10.8000197!4d106.6593822!16s%2Fg%2F11thyb56tt!19sChIJQ4sJjkopdTERkk80eqSxuS4?authuser=0&hl=en&rclk=1
Phú Nhuận,https://www.google.com/maps/place/San+Fu+Lou+-+Cantonese+Kitchen+%28Tr%C6%B0%E1%BB%9Dng+S%C6%A1n%29/data=!4m7!3m6!1s0x3175290daa0f02b5:0xab5e5a216f006cf6!8m2!3d10.8081792!4d106.6648922!16s%2Fg%2F11qn73km5g!19sChIJtQIPqg0pdTER9mwAbyFaXqs?authuser=0&hl=en&rclk=1
Phú Nhuận,https://www.google.com/maps/place/Thu+L%C4%83ng_+B%C3%BAn.+Mi%E1%BA%BFn+_+Ngan+G%C3%A0+_+C%C6%A1m+b%C3%B2+x%C3%A0o+d%C6%B0a/data=!4m7!3m6!1s0x3175290b2034ecc7:0x287d8842f5a19dd9!8m2!3d10.8113937!4d106.6659599!16s%2Fg%2F11kb_t1zrq!19sChIJx-w0IAspdTER2Z2h9UKIfSg?authuser=0&hl=en&rclk=1
Phú Nhuận,https://www.google.com/maps/place/Yeebo+Hotpot+Seafood+Restaurant/data=!4m7!3m6!1s0x31752929f62ed4ff:0x15e108de98c1b8ab!8m2!3d10.7959637!4d106.6753624!16s%2Fg%2F11bxfjsxj7!19sChIJ_9Qu9ikpdTERq7jBmN4I4RU?authuser=0&hl=en&rclk=1
Phú Nhuận,https://www.google.com/maps/place/Nh%C3%A0+h%C3%A0ng+Mu+Cung+Hoa/data=!4m7!3m6!1s0x317529c92d4a9dc1:0x6c0260dff2377918!8m2!3d10.803399!4d106.660049!16s%2Fg%2F11jn_kqx6t!19sChIJwZ1KLckpdTERGHk38t9gAmw?authuser=0&hl=en&rclk=1
Phú Nhuận,https://www.google.com/maps/place/Nh%C3%A0+H%C3%A0ng+Tri+K%C3%AC/data=!4m7!3m6!1s0x31752931914f006d:0x54c2a432522375a3!8m2!3d10.8101349!4d106.6722688!16s%2Fg%2F11td0ljpn7!19sChIJbQBPkTEpdTERo3UjUjKkwlQ?authuser=0&hl=en&rclk=1
Phú Nhuận,https://www.google.com/maps/place/Nh%C3%A0+H%C3%A0ng+Ti%E1%BB%87c+C%C6%B0%E1%BB%9Bi+%C4%90%C3%B4ng+Ph%C6%B0%C6%A1ng/data=!4m7!3m6!1s0x3175293149bd7331:0x4fcca2c901563c95!8m2!3d10.798103!4d106.6590714!16s%2Fg%2F11l8gtf0mx!19sChIJMXO9STEpdTERlTxWAcmizE8?authuser=0&hl=en&rclk=1
Phú Nhuận,https://www.google.com/maps/place/Hoang+Yen+Vietnamese+Cuisine/data=!4m7!3m6!1s0x31752f343be8ebe5:0x5893a7f3148f4ca9!8m2!3d10.7848421!4d106.6959753!16s%2Fg%2F1tm_zqhs!19sChIJ5evoOzQvdTERqUyPFPOnk1g?authuser=0&hl=en&rclk=1
Phú Nhuận,https://www.google.com/maps/place/M%E1%BA%B9t+Tre+B%C3%BAn+%C4%90%E1%BA%ADu/data=!4m7!3m6!1s0x3175299be98c8a4f:0x6e883b57410f661e!8m2!3d10.812854!4d106.6698622!16s%2Fg%2F11txjchr5k!19sChIJT4qM6ZspdTERHmYPQVc7iG4?authuser=0&hl=en&rclk=1
Phú Nhuận,https://www.google.com/maps/place/191+Seafood+Restaurant/data=!4m7!3m6!1s0x31752950deb7213d:0x71336572c6808c7!8m2!3d10.7991921!4d106.6735!16s%2Fg%2F11h874nh7s!19sChIJPSG33lApdTERxwhoLFc2Ewc?authuser=0&hl=en&rclk=1
Phú Nhuận,https://www.google.com/maps/place/Nh%C3%A0+H%C3%A0ng+H%C3%A0n+Qu%E1%BB%91c+Kim+Gia/data=!4m7!3m6!1s0x3175293b80268917:0x442a954f99b9e58!8m2!3d10.8070794!4d106.6615956!16s%2Fg%2F11yl6j10m!19sChIJF4kmgDspdTERWJ6b-VSpQgQ?authuser=0&hl=en&rclk=1
Phú Nhuận,https://www.google.com/maps/place/Qu%C3%A1n+179/data=!4m7!3m6!1s0x3175291923b6e2ad:0x1e26669daf9a25b3!8m2!3d10.8159599!4d106.6690957!16s%2Fg%2F11c1x00tgf!19sChIJreK2IxkpdTERsyWar51mJh4?authuser=0&hl=en&rclk=1
Phú Nhuận,https://www.google.com/maps/place/Nh%C3%A0+H%C3%A0ng+C%C6%A1m+Chay+H%C6%B0%C6%A1ng+Sen/data=!4m7!3m6!1s0x317528d873be0b65:0x9807f3caf14cabe2!8m2!3d10.805341!4d106.6779592!16s%2Fg%2F1td1yrfm!19sChIJZQu-c9godTER4qtM8crzB5g?authuser=0&hl=en&rclk=1
Phú Nhuận,https://www.google.com/maps/place/Hoa+Vien+Brauhaus+Tan+Binh/data=!4m7!3m6!1s0x31752925168ee199:0xc452357465a22c87!8m2!3d10.8036779!4d106.6663303!16s%2Fg%2F1q66nwyl8!19sChIJmeGOFiUpdTERhyyiZXQ1UsQ?authuser=0&hl=en&rclk=1
Phú Nhuận,https://www.google.com/maps/place/Nh%C3%A0+H%C3%A0ng+H%C3%A0u+N%C3%A9+3+Ngon+-+B%C3%B2+S%E1%BB%91t+Ph%E1%BB%91/data=!4m7!3m6!1s0x31752978cefaaf7f:0xbdab091d272b8ae2!8m2!3d10.807644!4d106.6738!16s%2Fg%2F11q41yj1jg!19sChIJf6_6zngpdTER4oorJx0Jq70?authuser=0&hl=en&rclk=1
Phú Nhuận,https://www.google.com/maps/place/Nh%C3%A0+h%C3%A0ng+h%E1%BA%A3i+s%E1%BA%A3n+Big+seafood/data=!4m7!3m6!1s0x317529d004eb7a1b:0x18125824c76bd5b4!8m2!3d10.8141774!4d106.6667656!16s%2Fg%2F11rfrbfh_p!19sChIJG3rrBNApdTERtNVrxyRYEhg?authuser=0&hl=en&rclk=1
Phú Nhuận,https://www.google.com/maps/place/Gia+Dinh+Ngon+Restaurant/data=!4m7!3m6!1s0x31752948636c2fc5:0x222c081c27a093f7!8m2!3d10.8019967!4d106.6500415!16s%2Fg%2F11dxqdjc61!19sChIJxS9sY0gpdTER95OgJxwILCI?authuser=0&hl=en&rclk=1
Phú Nhuận,https://www.google.com/maps/place/C%C3%B4n+%C4%90%E1%BA%A3o+Qu%C3%A1n./data=!4m7!3m6!1s0x3175295c88657a1b:0xbd0ce022a1883099!8m2!3d10.8000986!4d106.6669927!16s%2Fg%2F11hzpndqzk!19sChIJG3pliFwpdTERmTCIoSLgDL0?authuser=0&hl=en&rclk=1
Phú Nhuận,https://www.google.com/maps/place/Nh%C3%A0+H%C3%A0ng+H%E1%BA%A3i+S%E1%BA%A3n+Ba+Ba+Vang/data=!4m7!3m6!1s0x31752925406831bf:0xf99681cab74c2327!8m2!3d10.8030359!4d106.6656431!16s%2Fg%2F1v0lh7w_!19sChIJvzFoQCUpdTERJyNMt8qBlvk?authuser=0&hl=en&rclk=1
Phú Nhuận,https://www.google.com/maps/place/Qu%C3%A1n+nh%E1%BA%ADu+lTiger/data=!4m7!3m6!1s0x317529c785928753:0x9d9a097b2fcf683b!8m2!3d10.8162153!4d106.6692751!16s%2Fg%2F11tj6f6mq5!19sChIJU4eShccpdTERO2jPL3sJmp0?authuser=0&hl=en&rclk=1
Phú Nhuận,https://www.google.com/maps/place/T%E1%BB%95+ch%E1%BB%A9c+Ti%E1%BB%87c+v%C3%A0+S%E1%BB%B1+Ki%E1%BB%87n+%7C+tiecBuffet.com/data=!4m7!3m6!1s0x317529283527b053:0x1a0623e39bde422f!8m2!3d10.7987564!4d106.674993!16s%2Fg%2F1yfh_jyvt!19sChIJU7AnNSgpdTERL0Lem-MjBho?authuser=0&hl=en&rclk=1
Phú Nhuận,https://www.google.com/maps/place/Qu%C3%A1n+D%C3%AA+TB/data=!4m7!3m6!1s0x3175292819b8ae6d:0x129f138e2f3726c5!8m2!3d10.8086436!4d106.6692584!16s%2Fg%2F11pw9k3gqt!19sChIJba64GSgpdTERxSY3L44TnxI?authuser=0&hl=en&rclk=1
Phú Nhuận,https://www.google.com/maps/place/Hong+Kong+Steam+-+Truong+Son/data=!4m7!3m6!1s0x317529f9fac7a9ab:0x8c69ba9a41ee6158!8m2!3d10.8099692!4d106.6650419!16s%2Fg%2F11h_z143bm!19sChIJq6nH-vkpdTERWGHuQZq6aYw?authuser=0&hl=en&rclk=1
Phú Nhuận,https://www.google.com/maps/place/Chillthai+-+thaifood/data=!4m7!3m6!1s0x3175299442f5d033:0xbdef48c4998b902c!8m2!3d10.8137359!4d106.6698666!16s%2Fg%2F11jz2xsyl4!19sChIJM9D1QpQpdTERLJCLmcRI770?authuser=0&hl=en&rclk=1
Phú Nhuận,https://www.google.com/maps/place/Blanc.+Restaurant+Saigon/data=!4m7!3m6!1s0x31752f347ca3c611:0x47aad11b0beb831f!8m2!3d10.7865182!4d106.6947055!16s%2Fg%2F11f15cf7gh!19sChIJEcajfDQvdTERH4PrCxvRqkc?authuser=0&hl=en&rclk=1
Phú Nhuận,https://www.google.com/maps/place/B%C3%BAn+ch%E1%BA%A3+c%C3%A1+%C4%91ana/data=!4m7!3m6!1s0x3175297b91936c13:0x6784e0655c48f5d0!8m2!3d10.794758!4d106.6774885!16s%2Fg%2F11kjppgq9l!19sChIJE2yTkXspdTER0PVIXGXghGc?authuser=0&hl=en&rclk=1
Phú Nhuận,"https://www.google.com/maps/place/BIG+PIG+%7C+Bar+-+BBQ+-+Beer+%2846+Truong+Son,+Tan+Binh+District%29/data=!4m7!3m6!1s0x3175298b82916547:0xc9361bf791f44658!8m2!3d10.8099701!4d106.665037!16s%2Fg%2F11hdjzpm5d!19sChIJR2WRgospdTERWEb0kfcbNsk?authuser=0&hl=en&rclk=1"
Phú Nhuận,https://www.google.com/maps/place/Nguyen+Thi+Thu+Thuy+Restaurant/data=!4m7!3m6!1s0x317528dbd4ceb0f1:0x90b861aa821b9a71!8m2!3d10.8037676!4d106.6824389!16s%2Fg%2F1pzw4b3x1!19sChIJ8bDO1NsodTERcZobgqphuJA?authuser=0&hl=en&rclk=1
Phú Nhuận,https://www.google.com/maps/place/Nh%C3%A0+H%C3%A0ng+Tri+k%E1%BB%B7+2/data=!4m7!3m6!1s0x317528e05105ad7d:0xd417cbca2fde3f9b!8m2!3d10.8087154!4d106.6792189!16s%2Fg%2F1tg5x3hr!19sChIJfa0FUeAodTERmz_eL8rLF9Q?authuser=0&hl=en&rclk=1
Phú Nhuận,https://www.google.com/maps/place/Nh%C3%A0+h%C3%A0ng+THO%C3%81NG+VI%E1%BB%86T+2/data=!4m7!3m6!1s0x317528fdb18d4de7:0x75c890fd76520064!8m2!3d10.8265012!4d106.6788286!16s%2Fg%2F1hc2nfxh7!19sChIJ502Nsf0odTERZABSdv2QyHU?authuser=0&hl=en&rclk=1
Phú Nhuận,https://www.google.com/maps/place/2+Fong+Restaurant/data=!4m7!3m6!1s0x317529190252fbcd:0x228c54101836ff25!8m2!3d10.8155981!4d106.6679645!16s%2Fg%2F1pztl99b0!19sChIJzftSAhkpdTERJf82GBBUjCI?authuser=0&hl=en&rclk=1
Phú Nhuận,https://www.google.com/maps/place/Blue+Coffee+%26+Restaurant/data=!4m7!3m6!1s0x31752928caf1cc35:0xe294c499aca43762!8m2!3d10.8003612!4d106.6703775!16s%2Fg%2F11ddxhzq_9!19sChIJNczxyigpdTERYjekrJnElOI?authuser=0&hl=en&rclk=1
Phú Nhuận,https://www.google.com/maps/place/C%C3%B4ng+Ty+Tnhh+Phi+Khoa+-+Nh%C3%A0+H%C3%A0ng+Long+Monaco/data=!4m7!3m6!1s0x31752922a87b075f:0x42af5f3107340965!8m2!3d10.8130032!4d106.6655601!16s%2Fg%2F1hc223nq0!19sChIJXwd7qCIpdTERZQk0BzFfr0I?authuser=0&hl=en&rclk=1
Phú Nhuận,https://www.google.com/maps/place/L%C3%A0ng+Th%E1%BB%8Bt+%EA%B3%A0%EA%B8%B0%EB%A7%88%EC%9D%84/data=!4m7!3m6!1s0x3175293b7f52f711:0xe2263148b65f03b5!8m2!3d10.8073519!4d106.6615987!16s%2Fg%2F11f61wl3b2!19sChIJEfdSfzspdTERtQNftkgxJuI?authuser=0&hl=en&rclk=1
Phú Nhuận,https://www.google.com/maps/place/Nh%C3%A0+H%C3%A0ng+Korea/data=!4m7!3m6!1s0x3175293a6e9b35b1:0x45941be909e251c!8m2!3d10.803178!4d106.660459!16s%2Fg%2F11xf9b5pj!19sChIJsTWbbjopdTERHCWekL5BWQQ?authuser=0&hl=en&rclk=1
Phú Nhuận,https://www.google.com/maps/place/Qu%C3%A1n+l%E1%BA%A9u+d%C3%AA+Lam+S%C6%A1n/data=!4m7!3m6!1s0x3175292283e7cc55:0x18f3b8f6dcba1b51!8m2!3d10.813127!4d106.6699684!16s%2Fg%2F11b67gd7sy!19sChIJVczngyIpdTERURu63Pa48xg?authuser=0&hl=en&rclk=1
Phú Nhuận,https://www.google.com/maps/place/Din+Ky+Restaurant/data=!4m7!3m6!1s0x3175294f47536fa3:0x8d05343e8e43cee0!8m2!3d10.8037345!4d106.6558975!16s%2Fg%2F11b6d4dkl8!19sChIJo29TR08pdTER4M5Djj40BY0?authuser=0&hl=en&rclk=1
Phú Nhuận,https://www.google.com/maps/place/Nh%C3%A0+H%C3%A0ng+Thi%C3%AAn+H%C6%B0%C6%A1ng+Sushi/data=!4m7!3m6!1s0x31752978ca8a2573:0x9151a63bb8f02f22!8m2!3d10.8077913!4d106.6629292!16s%2Fg%2F11h55mttkb!19sChIJcyWKyngpdTERIi_wuDumUZE?authuser=0&hl=en&rclk=1
Phú Nhuận,https://www.google.com/maps/place/NH%C3%80+H%C3%80NG+CHAY+T%C3%82M+%7C+NH%C3%80+H%C3%80NG+CHAY+PH%E1%BA%A0M+V%C4%82N+HAI+%7C+NH%C3%80+H%C3%80NG+CHAY+T%C3%82N+B%C3%8CNH/data=!4m7!3m6!1s0x317529c6706324d1:0xf45b13ba95806dea!8m2!3d10.7951614!4d106.6638423!16s%2Fg%2F11px4vns20!19sChIJ0SRjcMYpdTER6m2AlboTW_Q?authuser=0&hl=en&rclk=1
Phú Nhuận,https://www.google.com/maps/place/Gia+%C4%90%C3%ACnh+Qu%C3%A1n/data=!4m7!3m6!1s0x3175295d37dbefb1:0xeaf173088eea97f3!8m2!3d10.7965315!4d106.6589344!16s%2Fg%2F11pkd2052c!19sChIJse_bN10pdTER85fqjghz8eo?authuser=0&hl=en&rclk=1
Phú Nhuận,https://www.google.com/maps/place/Ph%E1%BB%91+s%E1%BB%91+v%C3%A0ng/data=!4m7!3m6!1s0x31752996398f2ab7:0x889b61686e35e15c!8m2!3d10.7980182!4d106.6497297!16s%2Fg%2F11rzps7j_m!19sChIJtyqPOZYpdTERXOE1bmhhm4g?authuser=0&hl=en&rclk=1
Phú Nhuận,https://www.google.com/maps/place/Nh%C3%A0+H%C3%A0ng+D%C3%ACn+K%C3%BD+H%E1%BB%93ng+H%C3%A0/data=!4m7!3m6!1s0x317529217f1abc61:0x1ba8862247fa047b!8m2!3d10.8096099!4d106.6735276!16s%2Fg%2F11btrrqlyl!19sChIJYbwafyEpdTERewT6RyKGqBs?authuser=0&hl=en&rclk=1
Phú Nhuận,https://www.google.com/maps/place/Xi%C3%AAn+Kh%C3%A8+Felix/data=!4m7!3m6!1s0x317529c3333ff6c9:0xd8dae963b0a56e14!8m2!3d10.8031474!4d106.6658457!16s%2Fg%2F11sr8qt8h9!19sChIJyfY_M8MpdTERFG6lsGPp2tg?authuser=0&hl=en&rclk=1
Phú Nhuận,https://www.google.com/maps/place/C%C3%B4ng+Ty+Tnhh+%C4%90%E1%BA%A7u+T%C6%B0+Nh%C3%A0+H%C3%A0ng+Kh%C3%A1ch+S%E1%BA%A1n+Minh+Long/data=!4m7!3m6!1s0x31752933de12495d:0x30648784df3c0e4f!8m2!3d10.7965116!4d106.660155!16s%2Fg%2F11bcclyjr7!19sChIJXUkS3jMpdTERTw4834SHZDA?authuser=0&hl=en&rclk=1
Phú Nhuận,https://www.google.com/maps/place/Nh%C3%A0+H%C3%A0ng+C%C3%B4ng+B%E1%BA%B1ng/data=!4m7!3m6!1s0x317528df24a7ef37:0xc73d078e2b805032!8m2!3d10.8076581!4d106.6785513!16s%2Fg%2F11c5sv23pv!19sChIJN--nJN8odTERMlCAK44HPcc?authuser=0&hl=en&rclk=1
Phú Nhuận,https://www.google.com/maps/place/T-Sum+Restaurant/data=!4m7!3m6!1s0x31752930d1d35bbd:0x5f8b4470da422ef7!8m2!3d10.8001702!4d106.6595585!16s%2Fg%2F1pzrd2csd!19sChIJvVvT0TApdTER9y5C2nBEi18?authuser=0&hl=en&rclk=1
Phú Nhuận,https://www.google.com/maps/place/Next+Noodles/data=!4m7!3m6!1s0x3175291766586ef5:0x479b9e323a9b4746!8m2!3d10.8159015!4d106.6641217!16s%2Fg%2F11gdzgrgf6!19sChIJ9W5YZhcpdTERRkebOjKem0c?authuser=0&hl=en&rclk=1
Phú Nhuận,https://www.google.com/maps/place/NHA%CC%80+HA%CC%80NG+CHAY+%26+TRA%CC%80+MUNI/data=!4m7!3m6!1s0x317529f20bfb0447:0x2518837d021e112e!8m2!3d10.8063886!4d106.6655875!16s%2Fg%2F11hf7fd2gy!19sChIJRwT7C_IpdTERLhEeAn2DGCU?authuser=0&hl=en&rclk=1
Phú Nhuận,https://www.google.com/maps/place/Nh%C3%A0+h%C3%A0ng+Cafe+QK7/data=!4m7!3m6!1s0x31752991b353ee5d:0x2e7a56efb7896f47!8m2!3d10.8036146!4d106.6650061!16s%2Fg%2F11rf07c4f9!19sChIJXe5Ts5EpdTERR2-Jt-9Wei4?authuser=0&hl=en&rclk=1
Phú Nhuận,https://www.google.com/maps/place/Qu%C3%A1n+KIM/data=!4m7!3m6!1s0x317529c20f750a37:0x628da8b749ddc37d!8m2!3d10.8142496!4d106.6725711!16s%2Fg%2F11ghxmwc6b!19sChIJNwp1D8IpdTERfcPdSbeojWI?authuser=0&hl=en&rclk=1
Phú Nhuận,https://www.google.com/maps/place/Nonee+-+Buffet+n%C6%B0%E1%BB%9Bng+%26+l%E1%BA%A9u/data=!4m7!3m6!1s0x317529ed3bfb91a3:0x8ae66df8fb8007ee!8m2!3d10.7973529!4d106.6775105!16s%2Fg%2F11kj9lmywd!19sChIJo5H7O-0pdTER7geA-_ht5oo?authuser=0&hl=en&rclk=1
Phú Nhuận,https://www.google.com/maps/place/%E1%BA%A9m+th%E1%BB%B1c+239/data=!4m7!3m6!1s0x317529b3a837cba5:0x647ef17cceda8e72!8m2!3d10.797573!4d106.673705!16s%2Fg%2F11g1nt9qdh!19sChIJpcs3qLMpdTERco7aznzxfmQ?authuser=0&hl=en&rclk=1
Phú Nhuận,https://www.google.com/maps/place/Nh%C3%A0+H%C3%A0ng+H%C3%A0n+Qu%E1%BB%91c+Hodori/data=!4m7!3m6!1s0x317529b5b86d047f:0x3f0b3725153632bd!8m2!3d10.8078148!4d106.6630282!16s%2Fg%2F11j3_7zlc2!19sChIJfwRtuLUpdTERvTI2FSU3Cz8?authuser=0&hl=en&rclk=1
Phú Nhuận,https://www.google.com/maps/place/Nh%C3%A0+H%C3%A0ng+CHAY+XANH+2+-+Vegetarian+Restaurant/data=!4m7!3m6!1s0x3175295f9c1e08dd:0x1d6648d6b606b3ec!8m2!3d10.7977387!4d106.6678415!16s%2Fg%2F11nmz9k2bd!19sChIJ3QgenF8pdTER7LMGttZIZh0?authuser=0&hl=en&rclk=1
Phú Nhuận,https://www.google.com/maps/place/Nh%C3%A0+H%C3%A0ng/data=!4m7!3m6!1s0x31752ecb84226cf5:0x71968e0f0ee20928!8m2!3d10.788243!4d106.658782!16s%2Fg%2F11f5q944wz!19sChIJ9WwihMsudTERKAniDg-OlnE?authuser=0&hl=en&rclk=1
Phú Nhuận,https://www.google.com/maps/place/Grand+Palace+Wedding+And+Convention/data=!4m7!3m6!1s0x31752939b6555547:0xa87137a6d585594e!8m2!3d10.8037608!4d106.6559084!16s%2Fg%2F11r8w4f8w!19sChIJR1VVtjkpdTERTlmF1aY3cag?authuser=0&hl=en&rclk=1
Phú Nhuận,https://www.google.com/maps/place/Nh%E1%BA%ADu+Ngon+M%E1%BB%93i+X%E1%BB%8Bn/data=!4m7!3m6!1s0x317529fb00666559:0x852df8c4502e4204!8m2!3d10.8031597!4d106.665833!16s%2Fg%2F11t16jt62j!19sChIJWWVmAPspdTERBEIuUMT4LYU?authuser=0&hl=en&rclk=1
Phú Nhuận,https://www.google.com/maps/place/The+Noodle+House/data=!4m7!3m6!1s0x317529f8502007b5:0xe4bc70b38a6bf7c8!8m2!3d10.8149874!4d106.6732175!16s%2Fg%2F11sz3gmjbs!19sChIJtQcgUPgpdTERyPdrirNwvOQ?authuser=0&hl=en&rclk=1
Phú Nhuận,https://www.google.com/maps/place/S%C3%A0i+G%C3%B2n+%E1%BA%A8m+Th%E1%BB%B1c+-+saigonamthuc.vn/data=!4m7!3m6!1s0x317529f88e60acc1:0x63be85dd67225912!8m2!3d10.7974027!4d106.6637983!16s%2Fg%2F11tnlzwhpq!19sChIJwaxgjvgpdTERElkiZ92FvmM?authuser=0&hl=en&rclk=1
Phú Nhuận,https://www.google.com/maps/place/INDIA+SPECIAL+RESTAURANT/data=!4m7!3m6!1s0x3175293c9eec6f59:0x89dde2c5289251e9!8m2!3d10.8068034!4d106.6651269!16s%2Fg%2F11clvh6mhs!19sChIJWW_snjwpdTER6VGSKMXi3Yk?authuser=0&hl=en&rclk=1
Phú Nhuận,https://www.google.com/maps/place/Dim+Tu+Tac/data=!4m7!3m6!1s0x31752928b6e3c2a5:0x9552950252d18f8a!8m2!3d10.8007736!4d106.6706619!16s%2Fg%2F11cnknd74s!19sChIJpcLjtigpdTERio_RUgKVUpU?authuser=0&hl=en&rclk=1
Phú Nhuận,https://www.google.com/maps/place/C%C6%A1m+T%E1%BA%A5m+Cali+-+Nguy%E1%BB%85n+V%C4%83n+Tr%E1%BB%97i/data=!4m7!3m6!1s0x317529298a2b4873:0xb3c68558d2d8ff0e!8m2!3d10.796439!4d106.6743799!16s%2Fg%2F1tgyt5y5!19sChIJc0griikpdTERDv_Y0liFxrM?authuser=0&hl=en&rclk=1
Phú Nhuận,https://www.google.com/maps/place/Qu%C3%A1n+%C4%83n+H%26H/data=!4m7!3m6!1s0x31752f482654d2a7:0x79ba8215d747f5d1!8m2!3d10.7858889!4d106.656717!16s%2Fg%2F11ss7f4p4j!19sChIJp9JUJkgvdTER0fVH1xWCunk?authuser=0&hl=en&rclk=1
Phú Nhuận,https://www.google.com/maps/place/Nari+Hotpot+%26+Rice+%28c%C6%A1m+v%C4%83n+ph%C3%B2ng%29/data=!4m7!3m6!1s0x3175290c130225c9:0x6b061a34cfdac88a!8m2!3d10.7964181!4d106.6593203!16s%2Fg%2F11j6zsqmmc!19sChIJySUCEwwpdTERisjazzQaBms?authuser=0&hl=en&rclk=1
Phú Nhuận,https://www.google.com/maps/place/An+La+Nho+Restaurant/data=!4m7!3m6!1s0x31752ecf93e901e5:0xd7766d380d44452e!8m2!3d10.7817099!4d106.6625437!16s%2Fg%2F1pzqbw7q7!19sChIJ5QHpk88udTERLkVEDThtdtc?authuser=0&hl=en&rclk=1
Phú Nhuận,https://www.google.com/maps/place/Popeyes+s%C3%A2n+bay/data=!4m7!3m6!1s0x3175291f2abf1eff:0x456b68579a1fd8f1!8m2!3d10.8161967!4d106.6643708!16s%2Fg%2F11s65_dvcq!19sChIJ_x6_Kh8pdTER8dgfmldoa0U?authuser=0&hl=en&rclk=1
Phú Nhuận,https://www.google.com/maps/place/McDonald%27s+T%C3%A2n+S%C6%A1n+Nh%E1%BA%A5t/data=!4m7!3m6!1s0x31752917d1ce7fbb:0x759be9e5289aabd2!8m2!3d10.8134699!4d106.6632155!16s%2Fg%2F1hg4vpnd2!19sChIJu3_O0RcpdTER0quaKOXpm3U?authuser=0&hl=en&rclk=1
Phú Nhuận,https://www.google.com/maps/place/Qu%C3%A1n+%C4%83n+Qu%C3%AA+Ta/data=!4m7!3m6!1s0x317529977dc34999:0x78f20fae8e63649b!8m2!3d10.79648!4d106.690017!16s%2Fg%2F11k45n_n15!19sChIJmUnDfZcpdTERm2Rjjq4P8ng?authuser=0&hl=en&rclk=1
Phú Nhuận,https://www.google.com/maps/place/Bun+Dau+Ngon/data=!4m7!3m6!1s0x317529c2d00bbafb:0xe3aec8c28ae885ff!8m2!3d10.8047529!4d106.6424002!16s%2Fg%2F11scnh7579!19sChIJ-7oL0MIpdTER_4XoisLIruM?authuser=0&hl=en&rclk=1
Phú Nhuận,https://www.google.com/maps/place/Isushi+Tr%C6%B0%E1%BB%9Dng+S%C6%A1n+T%C3%A2n+B%C3%ACnh/data=!4m7!3m6!1s0x3175290135effb49:0x15e0a45f99fb20d8!8m2!3d10.8081917!4d106.6648058!16s%2Fg%2F11pc3db7_z!19sChIJSfvvNQEpdTER2CD7mV-k4BU?authuser=0&hl=en&rclk=1
Phú Nhuận,https://www.google.com/maps/place/Nh%C3%A0+h%C3%A0ng+Buffet+chay+D%27Gemma/data=!4m7!3m6!1s0x31752933383580af:0x5bdb83d8db68ec6!8m2!3d10.8065156!4d106.6665042!16s%2Fg%2F11khr33dqd!19sChIJr4A1ODMpdTERxo62jT24vQU?authuser=0&hl=en&rclk=1
Phú Nhuận,https://www.google.com/maps/place/Nh%C3%A0+h%C3%A0ng+chay+Thanh+Ph%C6%B0%C6%A1ng+%28Tara+House+-+Thanh+Phuong+Vege+Restaurant%29/data=!4m7!3m6!1s0x317529068cdc7447:0xe93825afbc914b9e!8m2!3d10.8074327!4d106.6795484!16s%2Fg%2F11rkgpw_54!19sChIJR3TcjAYpdTERnkuRvK8lOOk?authuser=0&hl=en&rclk=1
Phú Nhuận,https://www.google.com/maps/place/Nh%C3%A0+h%C3%A0ng+-+H%E1%BA%A7m+R%C6%B0%E1%BB%A3u+-+Karaoke+ONG+XINH/data=!4m7!3m6!1s0x317529a7b2e1c89b:0x4cd7ede320ec1a0d!8m2!3d10.8039084!4d106.6663256!16s%2Fg%2F11gr5xycd9!19sChIJm8jhsqcpdTERDRrsIOPt10w?authuser=0&hl=en&rclk=1
Phú Nhuận,https://www.google.com/maps/place/M%E1%BA%A7m+Vegetarian+-+Nh%C3%A0+h%C3%A0ng+chay+M%E1%BA%A7m/data=!4m7!3m6!1s0x3175299f586d2231:0xc37894da0c78fc30!8m2!3d10.7968177!4d106.6731955!16s%2Fg%2F11tk1l621h!19sChIJMSJtWJ8pdTERMPx4DNqUeMM?authuser=0&hl=en&rclk=1
Phú Nhuận,https://www.google.com/maps/place/Nh%C3%A0+H%C3%A0ng+Chay+Buffet+D%27GEMMA/data=!4m7!3m6!1s0x317529a067584d3b:0xc33aa01afe5016b6!8m2!3d10.8061559!4d106.6665255!16s%2Fg%2F11qbt3ydz5!19sChIJO01YZ6ApdTERthZQ_hqgOsM?authuser=0&hl=en&rclk=1
Phú Nhuận,https://www.google.com/maps/place/B%E1%BB%99t+chi%C3%AAn+nui+chi%C3%AAn/data=!4m7!3m6!1s0x3175296ce2ce5acf:0xe0229e29bc56a7d8!8m2!3d10.7980045!4d106.6648426!16s%2Fg%2F11st678xbf!19sChIJz1rO4mwpdTER2KdWvCmeIuA?authuser=0&hl=en&rclk=1
Phú Nhuận,https://www.google.com/maps/place/B%C3%BAn+M%E1%BB%8Dc+108%2F4/data=!4m7!3m6!1s0x317529b896425a27:0x3ece48236d27112e!8m2!3d10.7923136!4d106.6469513!16s%2Fg%2F11mnlb0r9j!19sChIJJ1pClrgpdTERLhEnbSNIzj4?authuser=0&hl=en&rclk=1
Phú Nhuận,https://www.google.com/maps/place/Viet+Kitchen/data=!4m7!3m6!1s0x31752f9e02fa41cd:0xb1be63a1a8f26e5a!8m2!3d10.7743695!4d106.7062585!16s%2Fg%2F11grbx_99y!19sChIJzUH6Ap4vdTERWm7yqKFjvrE?authuser=0&hl=en&rclk=1
Phú Nhuận,https://www.google.com/maps/place/Krungthep+In+Saigon/data=!4m7!3m6!1s0x317529673cdc3fcd:0xf88c7abddb7978ad!8m2!3d10.7945081!4d106.6590979!16s%2Fg%2F11s7qchsyr!19sChIJzT_cPGcpdTERrXh52716jPg?authuser=0&hl=en&rclk=1
Phú Nhuận,https://www.google.com/maps/place/KFC+Vietnam/data=!4m7!3m6!1s0x317529c3bfafb27f:0xc8140dec2d0dfc02!8m2!3d10.8148897!4d106.666991!16s%2Fg%2F11h7c_2yl6!19sChIJf7Kvv8MpdTERAvwNLewNFMg?authuser=0&hl=en&rclk=1
Phú Nhuận,https://www.google.com/maps/place/Nh%C3%A0+H%C3%A0ng/data=!4m7!3m6!1s0x31752ee1a6eaaba9:0xbd76642720841b3e!8m2!3d10.7649749!4d106.6735571!16s%2Fg%2F11gh9q6j43!19sChIJqavqpuEudTERPhuEICdkdr0?authuser=0&hl=en&rclk=1
Phú Nhuận,https://www.google.com/maps/place/Nh%C3%A0+H%C3%A0ng+Chay+TaB%C3%A0Ha/data=!4m7!3m6!1s0x31752f8040d47293:0x169d7a30e9efe6ca!8m2!3d10.7966658!4d106.6674749!16s%2Fg%2F11n93jf6c5!19sChIJk3LUQIAvdTERyubv6TB6nRY?authuser=0&hl=en&rclk=1
Phú Nhuận,https://www.google.com/maps/place/Jollibee+C%E1%BB%99ng+H%C3%B2a/data=!4m7!3m6!1s0x31752930c8661cdb:0x3eb9bde13bd4939e!8m2!3d10.8003553!4d106.6593008!16s%2Fg%2F11xw373jd!19sChIJ2xxmyDApdTERnpPUO-G9uT4?authuser=0&hl=en&rclk=1
Phú Nhuận,https://www.google.com/maps/place/Hoang+Ha+Hotel/data=!4m7!3m6!1s0x3175292bea7b8f91:0xc08e86cfa161b6e0!8m2!3d10.7965803!4d106.672699!16s%2Fg%2F1tdbbxpd!19sChIJkY976ispdTER4LZhoc-GjsA?authuser=0&hl=en&rclk=1
Phú Nhuận,https://www.google.com/maps/place/Nh%C3%A0+H%C3%A0ng/data=!4m7!3m6!1s0x31752ee16f3d95b9:0xc33d5f8628014482!8m2!3d10.7642423!4d106.6722575!16s%2Fg%2F11g047w1vz!19sChIJuZU9b-EudTERgkQBKIZfPcM?authuser=0&hl=en&rclk=1
Phú Nhuận,https://www.google.com/maps/place/C%C3%B4ng+Ty+TNHH+S%C3%A0i+G%C3%B2n+D%C3%A2n+T%E1%BB%99c+Qu%C3%A1n/data=!4m7!3m6!1s0x3175293b363241f5:0xa78d91d24480b78b!8m2!3d10.8060756!4d106.6639615!16s%2Fg%2F1pzt0wgvq!19sChIJ9UEyNjspdTERi7eARNKRjac?authuser=0&hl=en&rclk=1
Bình Thạnh,https://www.google.com/maps/place/PH%E1%BB%9E+VI%E1%BB%86T+NAM/data=!4m7!3m6!1s0x317529272257a2cd:0xa0fc5f47de34a7bf!8m2!3d10.8345975!4d106.6815272!16s%2Fg%2F11t_tnlx61!19sChIJzaJXIicpdTERv6c03kdf_KA?authuser=0&hl=en&rclk=1
Bình Thạnh,https://www.google.com/maps/place/Com+Nha/data=!4m7!3m6!1s0x317529c5a587d961:0x27ede7ace999addb!8m2!3d10.808669!4d106.6663945!16s%2Fg%2F11t4k2d8z3!19sChIJYdmHpcUpdTER262Z6azn7Sc?authuser=0&hl=en&rclk=1
Bình Thạnh,https://www.google.com/maps/place/Manja+Manja+Restaurant/data=!4m7!3m6!1s0x317529ddf9db5831:0x5f932609c58ee10e!8m2!3d10.8017499!4d106.6548975!16s%2Fg%2F11t7bwp4ff!19sChIJMVjb-d0pdTERDuGOxQkmk18?authuser=0&hl=en&rclk=1
Bình Thạnh,https://www.google.com/maps/place/B%C3%BAn+Ri%C3%AAu+Cua/data=!4m7!3m6!1s0x3175295948129ea9:0x5263a10daf75c2ac!8m2!3d10.793693!4d106.645602!16s%2Fg%2F11sjzwf2tp!19sChIJqZ4SSFkpdTERrMJ1rw2hY1I?authuser=0&hl=en&rclk=1
Bình Thạnh,https://www.google.com/maps/place/Nh%C3%A0+H%C3%A0ng/data=!4m7!3m6!1s0x3175282f31be409b:0x4ec3436afec0277a!8m2!3d10.8713068!4d106.6860196!16s%2Fg%2F11c5swclgx!19sChIJm0C-MS8odTEReifA_mpDw04?authuser=0&hl=en&rclk=1
Bình Thạnh,https://www.google.com/maps/place/Mon+Que/data=!4m7!3m6!1s0x31752ecb7a2431e1:0x44e8dc8661ddf3bd!8m2!3d10.7891125!4d106.6579668!16s%2Fg%2F11bbwz5nwg!19sChIJ4TEkessudTERvfPdYYbc6EQ?authuser=0&hl=en&rclk=1
Bình Thạnh,https://www.google.com/maps/place/Nh%C3%A0+h%C3%A0ng/data=!4m7!3m6!1s0x3175297344367461:0x28eeade148f30e!8m2!3d10.8495859!4d106.6785482!16s%2Fg%2F11k40v4ct_!19sChIJYXQ2RHMpdTERDvNI4a3uKAA?authuser=0&hl=en&rclk=1
Bình Thạnh,https://www.google.com/maps/place/Nh%C3%A0+H%C3%A0ng/data=!4m7!3m6!1s0x317525d6d8b07a59:0x88a4b2418cbc330f!8m2!3d10.7812751!4d106.7618537!16s%2Fg%2F11csrqh9z7!19sChIJWXqw2NYldTERDzO8jEGypIg?authuser=0&hl=en&rclk=1
Bình Thạnh,https://www.google.com/maps/place/Qu%C3%A1n+%C4%82n/data=!4m7!3m6!1s0x317529191b90fc6f:0xaa5b35097e0581e7!8m2!3d10.815807!4d106.668426!16s%2Fg%2F11b6dc_3s4!19sChIJb_yQGxkpdTER54EFfgk1W6o?authuser=0&hl=en&rclk=1
Bình Thạnh,https://www.google.com/maps/place/Qu%C3%A1n+%C4%83n+Nh%C6%B0+%C3%9D/data=!4m7!3m6!1s0x317529673ed36103:0xdcb8ab38b4ae87dd!8m2!3d10.8273346!4d106.6408202!16s%2Fg%2F11q1v9zz89!19sChIJA2HTPmcpdTER3YeutDiruNw?authuser=0&hl=en&rclk=1
Bình Thạnh,https://www.google.com/maps/place/B%C3%BAn+B%C3%B2+Hu%E1%BA%BF+C%E1%BB%99ng+Ho%C3%A0/data=!4m7!3m6!1s0x3175296076720c6b:0x8b9a87b4463672a8!8m2!3d10.8023007!4d106.6456805!16s%2Fg%2F11sskvfk43!19sChIJawxydmApdTERqHI2RrSHmos?authuser=0&hl=en&rclk=1
Tân Bình,https://www.google.com/maps/place/Nh%C3%A0+H%C3%A0ng/data=!4m7!3m6!1s0x31752dab9e7faaef:0x8dd10f9f7b773aec!8m2!3d10.7489207!4d106.5867563!16s%2Fg%2F11g6rkfhsm!19sChIJ76p_nqstdTER7Dp3e58P0Y0?authuser=0&hl=en&rclk=1
Tân Bình,https://www.google.com/maps/place/Nh%C3%A0+H%C3%A0ng+T%E1%BB%B1+Ch%E1%BB%8Dn+H%C3%A0n+Qu%E1%BB%91c/data=!4m7!3m6!1s0x31752930c100cfaf:0xeb45b28e61f73bb!8m2!3d10.8005158!4d106.6599257!16s%2Fg%2F1v1kmc0c!19sChIJr88AwTApdTERu3Mf5ihbtA4?authuser=0&hl=en&rclk=1
Tân Bình,https://www.google.com/maps/place/Nh%C3%A0+h%C3%A0ng/data=!4m7!3m6!1s0x31752d518c97fddf:0x70cd525dca7b88ac!8m2!3d10.7934521!4d106.5791497!16s%2Fg%2F11n5sm48ns!19sChIJ3_2XjFEtdTERrIh7yl1SzXA?authuser=0&hl=en&rclk=1
Tân Bình,https://www.google.com/maps/place/Nh%C3%A0+H%C3%A0ng/data=!4m7!3m6!1s0x31752dd6e2c2709b:0xbeced481206f838e!8m2!3d10.7416439!4d106.6254172!16s%2Fg%2F11rwmnk4s4!19sChIJm3DC4tYtdTERjoNvIIHUzr4?authuser=0&hl=en&rclk=1
Quận 5,https://www.google.com/maps/place/Deliany+Nguy%E1%BB%85n+Tr%C3%A3i/data=!4m7!3m6!1s0x31752f14b5f5e551:0x5a8c95376d079dbf!8m2!3d10.7652678!4d106.6878883!16s%2Fg%2F11pdsc03q8!19sChIJUeX1tRQvdTERv50HbTeVjFo?authuser=0&hl=en&rclk=1
Quận 5,https://www.google.com/maps/place/%C3%89n+Restaurant+%26+Event+Space/data=!4m7!3m6!1s0x31752f242e0f0ffd:0xc57f4a5451ba4e36!8m2!3d10.7762806!4d106.6828778!16s%2Fg%2F11b8t6r_8_!19sChIJ_Q8PLiQvdTERNk66UVRKf8U?authuser=0&hl=en&rclk=1
Quận 5,https://www.google.com/maps/place/Nh%C3%A0+h%C3%A0ng+Kho%C3%A1i/data=!4m7!3m6!1s0x31752f3a00fd2cab:0xf2e57e9a40a37963!8m2!3d10.7813281!4d106.6911473!16s%2Fg%2F11bvvxb191!19sChIJqyz9ADovdTERY3mjQJp-5fI?authuser=0&hl=en&rclk=1
Quận 5,https://www.google.com/maps/place/241+Restaurant/data=!4m7!3m6!1s0x31752f1893432449:0x764552857a6a56b2!8m2!3d10.7667932!4d106.6838989!16s%2Fg%2F1tfb41hv!19sChIJSSRDkxgvdTERslZqeoVSRXY?authuser=0&hl=en&rclk=1
Quận 5,https://www.google.com/maps/place/Nh%C3%A0+H%C3%A0ng+939+H%C3%B2n+Ch%E1%BB%93ng/data=!4m7!3m6!1s0x31752fe1cdba96ff:0x9fb8eeb85841f249!8m2!3d10.7856759!4d106.6751485!16s%2Fg%2F11hyk5nx08!19sChIJ_5a6zeEvdTERSfJBWLjuuJ8?authuser=0&hl=en&rclk=1
Quận 5,https://www.google.com/maps/place/Nh%C3%A0+h%C3%A0ng+Chay+B%E1%BA%BFp+xanh+An+Duy%C3%AAn/data=!4m7!3m6!1s0x31752ef93928fa79:0x68e2d68ed6b6b3e4!8m2!3d10.7513161!4d106.669511!16s%2Fg%2F11b637_9_m!19sChIJefooOfkudTER5LO21o7W4mg?authuser=0&hl=en&rclk=1
Quận 5,https://www.google.com/maps/place/HOME+Saigon+-+HOME+Vietnamese+Restaurant/data=!4m7!3m6!1s0x31752f2fedb1f331:0xaf5242ce7af6c61f!8m2!3d10.7831137!4d106.6896044!16s%2Fg%2F11f0wr_81r!19sChIJMfOx7S8vdTERH8b2es5CUq8?authuser=0&hl=en&rclk=1
Quận 5,https://www.google.com/maps/place/Nh%C3%A0+H%C3%A0ng+H%C6%B0%C6%A1ng+Huy%E1%BB%81n+X%E1%BA%A3+Gi%C3%B3/data=!4m7!3m6!1s0x31752e4335c8b6bb:0x51ff68624d0dd257!8m2!3d10.7368866!4d106.6571308!16s%2Fg%2F1tgcpc5x!19sChIJu7bINUMudTERV9INTWJo_1E?authuser=0&hl=en&rclk=1
Quận 5,https://www.google.com/maps/place/Nh%C3%A0+h%C3%A0ng+All-in/data=!4m7!3m6!1s0x31752ed822db5323:0xe8c7a528cd5171de!8m2!3d10.7790145!4d106.6746673!16s%2Fg%2F11f57spqkk!19sChIJI1PbItgudTER3nFRzSilx-g?authuser=0&hl=en&rclk=1
Quận 5,https://www.google.com/maps/place/Nh%C3%A0+h%C3%A0ng+%C4%90%E1%BA%A5t+S%C3%A9t/data=!4m7!3m6!1s0x31752edec01c0eb5:0x2989ecb6bfb64829!8m2!3d10.7747752!4d106.6718178!16s%2Fg%2F1tm85xqj!19sChIJtQ4cwN4udTERKUi2v7bsiSk?authuser=0&hl=en&rclk=1
Quận 5,https://www.google.com/maps/place/Nh%C3%A0+H%C3%A0ng+B%C3%AA+V%C3%A0ng+-+H%E1%BA%A3i+S%E1%BA%A3n+T%C6%B0%C6%A1i+S%E1%BB%91ng/data=!4m7!3m6!1s0x31752f1b96b0feaf:0xf833f3a463d9c07b!8m2!3d10.7608837!4d106.683006!16s%2Fg%2F1vnrn346!19sChIJr_6wlhsvdTERe8DZY6TzM_g?authuser=0&hl=en&rclk=1
Quận 5,https://www.google.com/maps/place/Nh%C3%A0+H%C3%A0ng+B%C3%AA+V%C3%A0ng/data=!4m7!3m6!1s0x31752dcdda15bde3:0x2a4bf0f7d4223bfb!8m2!3d10.7453978!4d106.6154745!16s%2Fg%2F1tg9kmcl!19sChIJ470V2s0tdTER-zsi1PfwSyo?authuser=0&hl=en&rclk=1
Quận 5,https://www.google.com/maps/place/Nh%C3%A0+H%C3%A0ng+H%E1%BA%A3i+S%E1%BA%A3n+R%E1%BA%A1n+Bi%E1%BB%83n+9/data=!4m7!3m6!1s0x31752f110a366ed5:0x36bee5a5a65d9984!8m2!3d10.7597155!4d106.6920659!16s%2Fg%2F11f57f9cj6!19sChIJ1W42ChEvdTERhJldpqXlvjY?authuser=0&hl=en&rclk=1
Quận 5,https://www.google.com/maps/place/Nh%C3%A0+h%C3%A0ng+Ho%C3%A0ng+T%C3%A2m+-+Nguy%E1%BB%85n+C%E1%BA%A3nh+Ch%C3%A2n/data=!4m7!3m6!1s0x31752f101ed11cfd:0x51b2d9925ff6b0bb!8m2!3d10.757402!4d106.6891416!16s%2Fg%2F11bx9sr6ff!19sChIJ_RzRHhAvdTERu7D2X5LZslE?authuser=0&hl=en&rclk=1
Quận 5,https://www.google.com/maps/place/Nh%C3%A0+h%C3%A0ng+Chim+R%E1%BB%ABng/data=!4m7!3m6!1s0x31752dcd1a4de135:0x982ac1b15223e6d6!8m2!3d10.7482867!4d106.6148438!16s%2Fg%2F11gg67dz0s!19sChIJNeFNGs0tdTER1uYjUrHBKpg?authuser=0&hl=en&rclk=1
Quận 5,https://www.google.com/maps/place/Nh%C3%A0+H%C3%A0ng+V%C6%B0%E1%BB%9Dn+Ng%E1%BB%8Dc+Lan/data=!4m7!3m6!1s0x31752f183c74c565:0x5edac14d93cafdd8!8m2!3d10.7656547!4d106.6867321!16s%2Fg%2F11hbfj__d_!19sChIJZcV0PBgvdTER2P3Kk03B2l4?authuser=0&hl=en&rclk=1
Quận 5,https://www.google.com/maps/place/Nh%C3%A0+H%C3%A0ng+Chay+%28Vegetarian+Restaurant%29+Hoa+Khai/data=!4m7!3m6!1s0x31752f174527e5c3:0xe5c91f862ef45786!8m2!3d10.7638415!4d106.6895346!16s%2Fg%2F11cls6npzj!19sChIJw-UnRRcvdTERhlf0LoYfyeU?authuser=0&hl=en&rclk=1
Quận 5,https://www.google.com/maps/place/Nh%C3%A0+H%C3%A0ng+T%C3%A2n+Nh%C3%A3/data=!4m7!3m6!1s0x31752efe71cd2519:0x15f758a71354e273!8m2!3d10.7518813!4d106.674278!16s%2Fg%2F11c57csc9l!19sChIJGSXNcf4udTERc-JUE6dY9xU?authuser=0&hl=en&rclk=1
Quận 5,https://www.google.com/maps/place/Nh%C3%A0+h%C3%A0ng+Hoa+H%E1%BB%93ng/data=!4m7!3m6!1s0x31752edf10e1223d:0xa5fd91862f482aed!8m2!3d10.7720775!4d106.6751603!16s%2Fg%2F1tm_zqgv!19sChIJPSLhEN8udTER7SpIL4aR_aU?authuser=0&hl=en&rclk=1
Quận 5,https://www.google.com/maps/place/Hoa+Vien+Nam+Bo+Wedding+Restaurant/data=!4m7!3m6!1s0x31752e9f9c5f9973:0x65eac6f98a06af11!8m2!3d10.7697503!4d106.6330574!16s%2Fg%2F1hc6k_jxp!19sChIJc5lfnJ8udTEREa8GivnG6mU?authuser=0&hl=en&rclk=1
Quận 5,https://www.google.com/maps/place/Nh%C3%A0+h%C3%A0ng+H%E1%BA%A3i+%C4%90%C4%83ng+1/data=!4m7!3m6!1s0x31752f250be47619:0x538875695d45ddf9!8m2!3d10.7773002!4d106.6851017!16s%2Fg%2F1hc15fpqv!19sChIJGXbkCyUvdTER-d1FXWl1iFM?authuser=0&hl=en&rclk=1
Quận 5,https://www.google.com/maps/place/N%C3%A0ng+G%C3%A1nh+restaurant/data=!4m7!3m6!1s0x31752f2e5ff2b3c3:0x22b6afcb23119c9!8m2!3d10.7831672!4d106.6853594!16s%2Fg%2F11b6z5s6qp!19sChIJw7PyXy4vdTERyRkxsvxqKwI?authuser=0&hl=en&rclk=1
Quận 5,https://www.google.com/maps/place/Nh%C3%A0+H%C3%A0ng+S%C3%A2n+V%C6%B0%E1%BB%9Dn+360/data=!4m7!3m6!1s0x31752e871970fd05:0xc6eff22145285660!8m2!3d10.7512745!4d106.6366139!16s%2Fg%2F11cn8sdypb!19sChIJBf1wGYcudTERYFYoRSHy78Y?authuser=0&hl=en&rclk=1
Quận 5,https://www.google.com/maps/place/Thuy+ta+Dam+Sen+Restaurant/data=!4m7!3m6!1s0x31752e99047e88fb:0x1cfc9a1e105d9708!8m2!3d10.7687959!4d106.6374367!16s%2Fg%2F11gds224yp!19sChIJ-4h-BJkudTERCJddEB6a_Bw?authuser=0&hl=en&rclk=1
Quận 5,https://www.google.com/maps/place/Den+Long+-+Home+Cooked+Vietnamese+Restaurant/data=!4m7!3m6!1s0x31752f3d0920e881:0x63fa7a2006a5d91d!8m2!3d10.7697179!4d106.6907596!16s%2Fg%2F11c327zfp9!19sChIJgeggCT0vdTERHdmlBiB6-mM?authuser=0&hl=en&rclk=1
Quận 5,https://www.google.com/maps/place/Nh%C3%A0+h%C3%A0ng+Vi%E1%BB%87t+Ph%E1%BB%91/data=!4m7!3m6!1s0x31752f3029353d6f:0x60080837d6ac6bd9!8m2!3d10.7834141!4d106.6883437!16s%2Fg%2F1tmqj8q4!19sChIJbz01KTAvdTER2Wus1jcICGA?authuser=0&hl=en&rclk=1
Quận 5,https://www.google.com/maps/place/Nh%C3%A0+h%C3%A0ng+chay+-+th%E1%BB%B1c+d%C6%B0%E1%BB%A1ng+Qu%E1%BB%B3nh+House/data=!4m7!3m6!1s0x31752f3586812deb:0x23f06a028940677f!8m2!3d10.7725817!4d106.6681524!16s%2Fg%2F11ky3kn3sh!19sChIJ6y2BhjUvdTERf2dAiQJq8CM?authuser=0&hl=en&rclk=1
Quận 5,https://www.google.com/maps/place/Nh%C3%A0+h%C3%A0ng+T%C3%A2n+H%E1%BA%A3i+V%C3%A2n/data=!4m7!3m6!1s0x31752f3d72a47283:0x769982d59b7e9b36!8m2!3d10.7693483!4d106.6902551!16s%2Fg%2F1tmk5_kb!19sChIJg3Kkcj0vdTERNpt-m9WCmXY?authuser=0&hl=en&rclk=1
Quận 5,https://www.google.com/maps/place/Nhon+Hoa+1+Restaurant/data=!4m7!3m6!1s0x31752e59fe8ccc51:0x5b752a6cdd2a2bd4!8m2!3d10.742216!4d106.6642163!16s%2Fg%2F1v3_04xg!19sChIJUcyM_lkudTER1Csq3WwqdVs?authuser=0&hl=en&rclk=1
Quận 5,https://www.google.com/maps/place/Lobster+Bay+-+K%E1%BB%B3+%C4%90%E1%BB%93ng/data=!4m7!3m6!1s0x3175296402b69947:0x926cda2ced05754d!8m2!3d10.784456!4d106.682799!16s%2Fg%2F11g8vpx00d!19sChIJR5m2AmQpdTERTXUF7SzabJI?authuser=0&hl=en&rclk=1
Quận 5,https://www.google.com/maps/place/Ngoc+Suong+3+Restaurant/data=!4m7!3m6!1s0x31752f3ccf9d077d:0x20e0568df991749e!8m2!3d10.7718132!4d106.6885677!16s%2Fg%2F1tctzy3j!19sChIJfQedzzwvdTERnnSR-Y1W4CA?authuser=0&hl=en&rclk=1
Quận 5,https://www.google.com/maps/place/Nh%C3%A0+H%C3%A0ng+C%C3%B2ng+Gi%C3%B3+-+%E1%BA%A8m+th%E1%BB%B1c+mi%E1%BB%81n+bi%E1%BB%83n/data=!4m7!3m6!1s0x31752ecf67f09a6d:0x9466ac1a3f59ce28!8m2!3d10.7743186!4d106.6695773!16s%2Fg%2F11gh7w9_6d!19sChIJbZrwZ88udTERKM5ZPxqsZpQ?authuser=0&hl=en&rclk=1
Quận 5,https://www.google.com/maps/place/Nh%C3%A0+h%C3%A0ng+D%C3%ACn+K%C3%BD/data=!4m7!3m6!1s0x31752f3d0c7df3a5:0xfec910ace567d42!8m2!3d10.7691776!4d106.690477!16s%2Fg%2F1tdp73b4!19sChIJpfN9DD0vdTERQn1WzgqR7A8?authuser=0&hl=en&rclk=1
Quận 5,https://www.google.com/maps/place/Hoang+Ty+Restaurant/data=!4m7!3m6!1s0x31752ec35313e519:0x52105d1c7dd780db!8m2!3d10.774513!4d106.664497!16s%2Fg%2F11xgszk1v!19sChIJGeUTU8MudTER24DXfRxdEFI?authuser=0&hl=en&rclk=1
Quận 5,https://www.google.com/maps/place/Nh%C3%A0+H%C3%A0ng+L%C3%A0ng+Ta/data=!4m7!3m6!1s0x31752fb07ea62973:0x56f62ebb6187b4ac!8m2!3d10.7324552!4d106.6884971!16s%2Fg%2F11bxfjv2mk!19sChIJcymmfrAvdTERrLSHYbsu9lY?authuser=0&hl=en&rclk=1
Quận 5,https://www.google.com/maps/place/Nh%C3%A0+h%C3%A0ng+%E1%BA%BEch+Xanh/data=!4m7!3m6!1s0x31752f1a5810fce5:0x3fd2615b35b38bfb!8m2!3d10.7599886!4d106.6858931!16s%2Fg%2F11b7715r_y!19sChIJ5fwQWBovdTER-4uzNVth0j8?authuser=0&hl=en&rclk=1
Quận 5,https://www.google.com/maps/place/Restaurants+Ocean+Beach/data=!4m7!3m6!1s0x31752efbee6a16c1:0xf0004e3bb388f3a2!8m2!3d10.7540231!4d106.6692956!16s%2Fg%2F11h1m41_qv!19sChIJwRZq7vsudTERovOIsztOAPA?authuser=0&hl=en&rclk=1
Quận 5,https://www.google.com/maps/place/Hai+Lua+Restaurant/data=!4m7!3m6!1s0x31752ef0a632c331:0xaafce2a3a2c8c48!8m2!3d10.7537027!4d106.6643941!16s%2Fg%2F1hc1x1kr1!19sChIJMcMypvAudTERSIwsOirOrwo?authuser=0&hl=en&rclk=1
Quận 5,https://www.google.com/maps/place/Nh%C3%A0+h%C3%A0ng+kim+khang/data=!4m7!3m6!1s0x31752fca4e4831d7:0xc3a7b45b19ca163c!8m2!3d10.7552724!4d106.6788858!16s%2Fg%2F11fj48fvbm!19sChIJ1zFITsovdTERPBbKGVu0p8M?authuser=0&hl=en&rclk=1
Quận 5,https://www.google.com/maps/place/Nh%C3%A0+H%C3%A0ng+H%C6%B0%C6%A1ng+V%E1%BB%8B+Nh%E1%BA%ADt/data=!4m7!3m6!1s0x31752f16b4da7ee9:0xdb82e99cfc3634e8!8m2!3d10.7624108!4d106.6926559!16s%2Fg%2F11j00sxbwl!19sChIJ6X7atBYvdTER6DQ2_Jzpgts?authuser=0&hl=en&rclk=1
Quận 5,https://www.google.com/maps/place/Nh%C3%A0+h%C3%A0ng+%C4%90%C3%B4ng+Ph%C6%B0%C6%A1ng+3/data=!4m7!3m6!1s0x31752e9f83b798cd:0x4806986baf095cd1!8m2!3d10.7627056!4d106.6318944!16s%2Fg%2F1v2ktynm!19sChIJzZi3g58udTER0VwJr2uYBkg?authuser=0&hl=en&rclk=1
Quận 5,https://www.google.com/maps/place/Dong+Pho+Restaurant/data=!4m7!3m6!1s0x31752f25284490b1:0x7f961da53aa63741!8m2!3d10.7763759!4d106.6875177!16s%2Fg%2F11ylnk81w!19sChIJsZBEKCUvdTERQTemOqUdln8?authuser=0&hl=en&rclk=1
Quận 5,https://www.google.com/maps/place/Van+Hoa+Restaurant/data=!4m7!3m6!1s0x31752f5dfe64ff03:0x9fcd311260c552f!8m2!3d10.7526983!4d106.6644903!16s%2Fg%2F11fjvv4ydk!19sChIJA_9k_l0vdTERL1UMJhHT_Ak?authuser=0&hl=en&rclk=1
Quận 5,https://www.google.com/maps/place/Nh%C3%A0+H%C3%A0ng+Qu%E1%BB%B3nh+Anh/data=!4m7!3m6!1s0x31752dce45720c63:0x9dac11f26a3de4a0!8m2!3d10.74283!4d106.6153684!16s%2Fg%2F11h0vtjkvb!19sChIJYwxyRc4tdTERoOQ9avIRrJ0?authuser=0&hl=en&rclk=1
Quận 5,https://www.google.com/maps/place/Nh%C3%A0+H%C3%A0ng+Ba+Mi%E1%BB%81n/data=!4m7!3m6!1s0x31752f2c1f95353d:0x34b92bb81e91cadf!8m2!3d10.785348!4d106.6836924!16s%2Fg%2F1tc_t27b!19sChIJPTWVHywvdTER38qRHrgruTQ?authuser=0&hl=en&rclk=1
Quận 5,https://www.google.com/maps/place/Nh%C3%A0+h%C3%A0ng+Hai+L%C3%BAa/data=!4m7!3m6!1s0x31752f2ec9a6a361:0x1964f7640afec0ba!8m2!3d10.7832098!4d106.6827087!16s%2Fg%2F11h7s4c614!19sChIJYaOmyS4vdTERusD-CmT3ZBk?authuser=0&hl=en&rclk=1
Quận 5,https://www.google.com/maps/place/Nh%C3%A0+H%C3%A0ng+%C3%9At+C%C3%A0+Mau/data=!4m7!3m6!1s0x31752f1f2ca203bd:0xc6bcdb02114257df!8m2!3d10.7659016!4d106.6818588!16s%2Fg%2F11g6hs84xc!19sChIJvQOiLB8vdTER31dCEQLbvMY?authuser=0&hl=en&rclk=1
Quận 5,https://www.google.com/maps/place/Nh%C3%A0+h%C3%A0ng+H%E1%BA%A3i+S%E1%BA%A3n+H%C3%A0o+Phong/data=!4m7!3m6!1s0x31752efcf17e76f9:0x5c5db36d8d11f3e0!8m2!3d10.7580871!4d106.6760467!16s%2Fg%2F11btlzhyj3!19sChIJ-XZ-8fwudTER4PMRjW2zXVw?authuser=0&hl=en&rclk=1
Quận 5,https://www.google.com/maps/place/Nh%C3%A0+H%C3%A0ng+B%C3%A0o+Ng%C6%B0+Nh%E1%BA%A5t+Ph%E1%BA%A9m/data=!4m7!3m6!1s0x31752f98c0fbfc11:0xda4de791a22c4bf4!8m2!3d10.7691524!4d106.6911756!16s%2Fg%2F11n00dftm2!19sChIJEfz7wJgvdTER9EssopHnTdo?authuser=0&hl=en&rclk=1
Quận 5,https://www.google.com/maps/place/Freedom+Restaurant+2/data=!4m7!3m6!1s0x31752fb8cd31fc7f:0x160a7ce7bdf06ab3!8m2!3d10.7766259!4d106.6662015!16s%2Fg%2F11kn3b8hqk!19sChIJf_wxzbgvdTERs2rwved8ChY?authuser=0&hl=en&rclk=1
Quận 5,https://www.google.com/maps/place/Nh%C3%A0+H%C3%A0ng+Kim+S%C6%A1n/data=!4m7!3m6!1s0x31752e4cfad66393:0x39e33f984e38576d!8m2!3d10.732762!4d106.6740868!16s%2Fg%2F1hc2f7t43!19sChIJk2PW-kwudTERbVc4Tpg_4zk?authuser=0&hl=en&rclk=1
Quận 5,https://www.google.com/maps/place/Lux68+Restaurant/data=!4m7!3m6!1s0x31752f91d5e20787:0x41453ea2411a54e4!8m2!3d10.7753573!4d106.6875543!16s%2Fg%2F11h0_bc2zk!19sChIJhwfi1ZEvdTER5FQaQaI-RUE?authuser=0&hl=en&rclk=1
Quận 5,https://www.google.com/maps/place/Viet+Pho+Restaurant/data=!4m7!3m6!1s0x31752e7899ae61c3:0x456f281e0faf2946!8m2!3d10.742483!4d106.6297223!16s%2Fg%2F11gb3n25w2!19sChIJw2GumXgudTERRimvDx4ob0U?authuser=0&hl=en&rclk=1
Quận 5,https://www.google.com/maps/place/Nh%C3%A0+H%C3%A0ng+H%E1%BB%99i+Ng%E1%BB%99/data=!4m7!3m6!1s0x31752f3ade749d75:0xc34fd428a87a1e8d!8m2!3d10.776761!4d106.689322!16s%2Fg%2F11dz_nphkb!19sChIJdZ103jovdTERjR56qCjUT8M?authuser=0&hl=en&rclk=1
Quận 5,https://www.google.com/maps/place/L%C3%A0ng+%E1%BA%A8m+Th%E1%BB%B1c+Sinh+Th%C3%A1i+B%C3%ACnh+Xuy%C3%AAn/data=!4m7!3m6!1s0x31752e4c7acc95f7:0xb96e7a975966205f!8m2!3d10.731846!4d106.6729029!16s%2Fg%2F11b77wh97f!19sChIJ95XMekwudTERXyBmWZd6brk?authuser=0&hl=en&rclk=1
Quận 5,https://www.google.com/maps/place/Seaport+Restaurant/data=!4m7!3m6!1s0x31752db9a08210b5:0x2b39199d1c502bdf!8m2!3d10.7519861!4d106.6194631!16s%2Fg%2F11flbxt7_b!19sChIJtRCCoLktdTER3ytQHJ0ZOSs?authuser=0&hl=en&rclk=1
Quận 5,https://www.google.com/maps/place/Nh%C3%A0+H%C3%A0ng+Kim+L%E1%BB%99c+Ph%C3%A1t/data=!4m7!3m6!1s0x31752c33604c23f7:0xedc7c0ba87862771!8m2!3d10.7521816!4d106.6117697!16s%2Fg%2F11fnwh_3n2!19sChIJ9yNMYDMsdTERcSeGh7rAx-0?authuser=0&hl=en&rclk=1
Quận 5,https://www.google.com/maps/place/Nh%C3%A0+h%C3%A0ng+Kim+Chi/data=!4m7!3m6!1s0x31752f513073d413:0xfa527b11c5fe911a!8m2!3d10.7758741!4d106.6468681!16s%2Fg%2F11smttnd67!19sChIJE9RzMFEvdTERGpH-xRF7Uvo?authuser=0&hl=en&rclk=1
Quận 5,https://www.google.com/maps/place/Nh%C3%A0+H%C3%A0ng+L%E1%BA%A9u+Soa+Soa/data=!4m7!3m6!1s0x31752f33bb48878d:0xe474106205df2e1!8m2!3d10.786299!4d106.692195!16s%2Fg%2F1td6pqrs!19sChIJjYdIuzMvdTER4fJdIAZBRw4?authuser=0&hl=en&rclk=1
Quận 5,https://www.google.com/maps/place/Nh%C3%A0+H%C3%A0ng+Chay+B%C3%A0+X%C3%A3/data=!4m7!3m6!1s0x31752f244e07201f:0x53563bf15a0e7a59!8m2!3d10.7787053!4d106.6885592!16s%2Fg%2F11h4d6p37q!19sChIJHyAHTiQvdTERWXoOWvE7VlM?authuser=0&hl=en&rclk=1
Quận 5,https://www.google.com/maps/place/Nh%C3%A0+h%C3%A0ng+chay+Tu%E1%BB%87+M%E1%BA%ABn/data=!4m7!3m6!1s0x31752fb2b0da3b87:0xffce385a768c43ae!8m2!3d10.752652!4d106.6700195!16s%2Fg%2F11ktr4w763!19sChIJhzvasLIvdTERrkOMdlo4zv8?authuser=0&hl=en&rclk=1
Quận 5,https://www.google.com/maps/place/Hoang+Ty+Restaurant/data=!4m7!3m6!1s0x31752f3ae36f34b9:0x51270f0d7fcfcf4d!8m2!3d10.7765787!4d106.6900613!16s%2Fg%2F1tfh2484!19sChIJuTRv4zovdTERTc_Pfw0PJ1E?authuser=0&hl=en&rclk=1
Quận 5,https://www.google.com/maps/place/Dac+San+Pho+79+Restaurant/data=!4m7!3m6!1s0x31752f3cc5800b5f:0x93508afa2a0fa35c!8m2!3d10.7714413!4d106.6889478!16s%2Fg%2F11ysrqcw5!19sChIJXwuAxTwvdTERXKMPKvqKUJM?authuser=0&hl=en&rclk=1
Quận 5,https://www.google.com/maps/place/Nh%C3%A0+H%C3%A0ng+Ho%C3%A0ng+Ty/data=!4m7!3m6!1s0x31752c353e900c79:0x3e96ac75f1f4a862!8m2!3d10.7517176!4d106.6072019!16s%2Fg%2F1hc8p8w54!19sChIJeQyQPjUsdTERYqj08XWslj4?authuser=0&hl=en&rclk=1
Quận 5,https://www.google.com/maps/place/Nh%C3%A0+h%C3%A0ng+S%C3%A0i+G%C3%B2n+2/data=!4m7!3m6!1s0x31752f03a9f41d9d:0x959917d559f2dfa0!8m2!3d10.7547733!4d106.6795726!16s%2Fg%2F11cn9wv883!19sChIJnR30qQMvdTERoN_yWdUXmZU?authuser=0&hl=en&rclk=1
Quận 5,https://www.google.com/maps/place/Nh%C3%A0+H%C3%A0ng+Sik+Dak+Fook+%28%E9%A3%9F%E5%BE%97%E7%A6%8F%E9%85%92%E6%A5%BC%EF%BC%89/data=!4m7!3m6!1s0x31752f1429c78bc9:0xb70e35313538a82f!8m2!3d10.7519091!4d106.6587804!16s%2Fg%2F11f7r2syyd!19sChIJyYvHKRQvdTERL6g4NTE1Drc?authuser=0&hl=en&rclk=1
Quận 5,https://www.google.com/maps/place/Nh%C3%A0+H%C3%A0ng+S%C3%A0i+G%C3%B2n+3/data=!4m7!3m6!1s0x31752f24d86a1a71:0xf5b24d2e572f90db!8m2!3d10.7747222!4d106.6888889!16s%2Fg%2F1tgx42st!19sChIJcRpq2CQvdTER25AvVy5NsvU?authuser=0&hl=en&rclk=1
Quận 5,https://www.google.com/maps/place/Nh%C3%A0+H%C3%A0ng+S%C3%B3c+Tr%C4%83ng+2/data=!4m7!3m6!1s0x31752f256ed50c7f:0xcee0d234a02a9b3d!8m2!3d10.7784931!4d106.6863571!16s%2Fg%2F1pp2v1x2k!19sChIJfwzVbiUvdTERPZsqoDTS4M4?authuser=0&hl=en&rclk=1
Quận 5,https://www.google.com/maps/place/Nh%C3%A0+H%C3%A0ng+B%E1%BA%AFc+V%E1%BB%8B/data=!4m7!3m6!1s0x31752f3ace4b63f7:0x1875cc56bea1e528!8m2!3d10.7770165!4d106.6885603!16s%2Fg%2F11btrr8b_s!19sChIJ92NLzjovdTERKOWhvlbMdRg?authuser=0&hl=en&rclk=1
Quận 5,https://www.google.com/maps/place/Nh%C3%A0+H%C3%A0ng+Sago/data=!4m7!3m6!1s0x31752fb86e0b615b:0xb5fa1c3381d9c483!8m2!3d10.7586297!4d106.691608!16s%2Fg%2F11r_r25fdd!19sChIJW2ELbrgvdTERg8TZgTMc-rU?authuser=0&hl=en&rclk=1
Quận 5,https://www.google.com/maps/place/Hanuri+Korean+Fast+Food/data=!4m7!3m6!1s0x31752ede74d9c72b:0x50e90e0b67f19942!8m2!3d10.7720566!4d106.6696638!16s%2Fg%2F1pzxnyqsf!19sChIJK8fZdN4udTERQpnxZwsO6VA?authuser=0&hl=en&rclk=1
Quận 5,https://www.google.com/maps/place/Nh%C3%A0+H%C3%A0ng+%C4%90%E1%BA%A1i+D%C6%B0%C6%A1ng/data=!4m7!3m6!1s0x31752f63096a1f45:0xd983bae58a5750ad!8m2!3d10.7558213!4d106.6435863!16s%2Fg%2F11j0j_c4gg!19sChIJRR9qCWMvdTERrVBXiuW6g9k?authuser=0&hl=en&rclk=1
Quận 5,https://www.google.com/maps/place/Nh%C3%A0+h%C3%A0ng+T%C3%A2y+%C4%90%C3%B4+%28HCM%29/data=!4m7!3m6!1s0x31752f68cc703eb5:0x1afbce3b7657e72f!8m2!3d10.7618036!4d106.6482178!16s%2Fg%2F11lm5htp_y!19sChIJtT5wzGgvdTERL-dXdjvO-xo?authuser=0&hl=en&rclk=1
Quận 5,https://www.google.com/maps/place/Nh%C3%A0+H%C3%A0ng+%C4%90%C3%B4ng+H%E1%BB%93+Eden/data=!4m7!3m6!1s0x31752f0255f83015:0x96261ea7f92c30b3!8m2!3d10.7739869!4d106.6719291!16s%2Fg%2F1tgcvkcv!19sChIJFTD4VQIvdTERszAs-aceJpY?authuser=0&hl=en&rclk=1
Quận 5,https://www.google.com/maps/place/Nh%C3%A0+H%C3%A0ng+Ti%E1%BB%87c+C%C6%B0%E1%BB%9Bi+Melisa/data=!4m7!3m6!1s0x31752eaf80dcb445:0xd56218db3a5b9d2e!8m2!3d10.7823796!4d106.6368605!16s%2Fg%2F11dx9f__wy!19sChIJRbTcgK8udTERLp1bOtsYYtU?authuser=0&hl=en&rclk=1
Quận 5,https://www.google.com/maps/place/%E1%BA%A8m+Th%E1%BB%B1c+RIVIA+-+RIVIA+Food+%26+Dining/data=!4m7!3m6!1s0x31752f16fae10bff:0xb163330d36579cf!8m2!3d10.7649668!4d106.6920109!16s%2Fg%2F11f10678p6!19sChIJ_wvh-hYvdTERz3ll0zAzFgs?authuser=0&hl=en&rclk=1
Quận 5,https://www.google.com/maps/place/Nh%C3%A0+h%C3%A0ng+ti%E1%BB%87c+c%C6%B0%E1%BB%9Bi+Kim+C%C6%B0%C6%A1ng/data=!4m7!3m6!1s0x31752dcd06e96c5f:0x9678b421ed0e39c5!8m2!3d10.7477494!4d106.6148331!16s%2Fg%2F11dxrtdbz0!19sChIJX2zpBs0tdTERxTkO7SG0eJY?authuser=0&hl=en&rclk=1
Quận 5,https://www.google.com/maps/place/Nh%C3%A0+H%C3%A0ng+L%E1%BB%A5c+%C4%90%E1%BB%89nh+K%C3%BD+-+%E5%85%AD%E9%BC%8E%E8%AE%B0/data=!4m7!3m6!1s0x31752faf457a31af:0x684da798868c2e44!8m2!3d10.76288!4d106.6572087!16s%2Fg%2F11rd2_s_hf!19sChIJrzF6Ra8vdTERRC6MhpinTWg?authuser=0&hl=en&rclk=1
Quận 5,https://www.google.com/maps/place/Song+Restaurant/data=!4m7!3m6!1s0x31752edee9066f49:0xf2ba2973ea9b4917!8m2!3d10.7557019!4d106.6786895!16s%2Fg%2F1hc2bhxrm!19sChIJSW8G6d4udTERF0mb6nMpuvI?authuser=0&hl=en&rclk=1
Quận 5,https://www.google.com/maps/place/Nh%C3%A0+h%C3%A0ng+Minh+R%C3%A2u/data=!4m7!3m6!1s0x31752fb6f09abc5f:0xd1bc994c477c5921!8m2!3d10.7663668!4d106.6476518!16s%2Fg%2F11jkywvcfn!19sChIJX7ya8LYvdTERIVl8R0yZvNE?authuser=0&hl=en&rclk=1
Quận 5,https://www.google.com/maps/place/Nh%C3%A0+H%C3%A0ng+B79/data=!4m7!3m6!1s0x31752fa64572f167:0xc4a7bf66ae06a75c!8m2!3d10.7476758!4d106.6637021!16s%2Fg%2F11k_28lf9l!19sChIJZ_FyRaYvdTERXKcGrma_p8Q?authuser=0&hl=en&rclk=1
Quận 5,https://www.google.com/maps/place/Nh%C3%A0+h%C3%A0ng+Ng%C3%A2n+%C4%90%C3%ACnh/data=!4m7!3m6!1s0x31752f1d1834b40d:0x91b598b232a77a9d!8m2!3d10.7578632!4d106.6734363!16s%2Fg%2F1ttdkgxn!19sChIJDbQ0GB0vdTERnXqnMrKYtZE?authuser=0&hl=en&rclk=1
Quận 5,https://www.google.com/maps/place/Nh%C3%A0+h%C3%A0ng+Nam+Du/data=!4m7!3m6!1s0x31752f33d7a2071d:0xcdb67a95daa6e09c!8m2!3d10.7846542!4d106.6916359!16s%2Fg%2F11b67hd2f1!19sChIJHQei1zMvdTERnOCm2pV6ts0?authuser=0&hl=en&rclk=1
Quận 5,https://www.google.com/maps/place/C%C6%A1m+Ni%C3%AAu+S%C3%A0i+G%C3%B2n/data=!4m7!3m6!1s0x31752f3aca12297b:0x308ade620a94cfab!8m2!3d10.7762417!4d106.6874139!16s%2Fg%2F1hf2hq30z!19sChIJeykSyjovdTERq8-UCmLeijA?authuser=0&hl=en&rclk=1
Quận 5,https://www.google.com/maps/place/Nh%C3%A0+H%C3%A0ng+56/data=!4m7!3m6!1s0x31752f9f5a8779b5:0x7c21ab20b1c0a4f0!8m2!3d10.7802303!4d106.6645121!16s%2Fg%2F11v0b9_vk9!19sChIJtXmHWp8vdTER8KTAsSCrIXw?authuser=0&hl=en&rclk=1
Quận 5,https://www.google.com/maps/place/Nh%C3%A0+h%C3%A0ng+chay+H%E1%BB%93+l%C3%B4+Gia/data=!4m7!3m6!1s0x31752f5bd528b249:0xa3b6996653ad01d7!8m2!3d10.7416502!4d106.6413846!16s%2Fg%2F11h3dj1_py!19sChIJSbIo1VsvdTER1wGtU2aZtqM?authuser=0&hl=en&rclk=1
Quận 5,https://www.google.com/maps/place/H%E1%BA%A3i+S%E1%BA%A3n+H%E1%BB%93ng+H%E1%BA%A3i/data=!4m7!3m6!1s0x31752f3395f48a97:0x8648bbd19395d938!8m2!3d10.78529!4d106.690949!16s%2Fg%2F1tql28fp!19sChIJl4r0lTMvdTERONmVk9G7SIY?authuser=0&hl=en&rclk=1
Quận 5,https://www.google.com/maps/place/L%E1%BB%99c+Th%C3%A1i-+L%E1%BA%A1c+Th%C3%A1i+6/data=!4m7!3m6!1s0x317529b318d4b279:0xfb4f64bdb9507a90!8m2!3d10.762818!4d106.668024!16s%2Fg%2F11g4brl777!19sChIJebLUGLMpdTERkHpQub1kT_s?authuser=0&hl=en&rclk=1
Quận 5,https://www.google.com/maps/place/Restaurant+732/data=!4m7!3m6!1s0x31752eb91fe3745d:0xb0db3675737b92a1!8m2!3d10.7769777!4d106.6497639!16s%2Fg%2F1pzpvvn7z!19sChIJXXTjH7kudTERoZJ7c3U227A?authuser=0&hl=en&rclk=1
Quận 5,https://www.google.com/maps/place/Nh%C3%A0+H%C3%A0ng+Chang+Kang+Kung+L%C3%AA+Q%C3%BAy+%C4%90%C3%B4n/data=!4m7!3m6!1s0x31752f1439b081ab:0xe825337be5380860!8m2!3d10.7811654!4d106.6911497!16s%2Fg%2F11ffjcm783!19sChIJq4GwORQvdTERYAg45XszJeg?authuser=0&hl=en&rclk=1
Quận 5,https://www.google.com/maps/place/Nh%C3%A0+H%C3%A0ng+Buffet+Sea/data=!4m7!3m6!1s0x31752eec46fdf561:0x8c79aed3c835323a!8m2!3d10.7651123!4d106.6553757!16s%2Fg%2F1hc262x_b!19sChIJYfX9RuwudTEROjI1yNOueYw?authuser=0&hl=en&rclk=1
Quận 5,https://www.google.com/maps/place/Vegetarian+Restaurant+S%C3%A2n+M%C3%A2y/data=!4m7!3m6!1s0x31752ed89630826d:0xbaa636da55051c8a!8m2!3d10.772202!4d106.6721722!16s%2Fg%2F1pp2x90y5!19sChIJbYIwltgudTERihwFVdo2pro?authuser=0&hl=en&rclk=1
Quận 5,https://www.google.com/maps/place/Thien+Hong+Restaurant+-+Hotel/data=!4m7!3m6!1s0x31752ef9e19d5b7f:0x55d1a0cf6a448ce!8m2!3d10.752241!4d106.6647503!16s%2Fg%2F1pzrwy4vg!19sChIJf1ud4fkudTERzkik9gwaXQU?authuser=0&hl=en&rclk=1
Quận 5,https://www.google.com/maps/place/Nh%C3%A0+H%C3%A0ng+Hai+L%C3%BAa+%28Tr%C3%A0m+Chim+C%C5%A9%29/data=!4m7!3m6!1s0x31752f25b0f68a13:0x126d677469ec1823!8m2!3d10.7769708!4d106.6842441!16s%2Fg%2F11gd393_27!19sChIJE4r2sCUvdTERIxjsaXRnbRI?authuser=0&hl=en&rclk=1
Quận 5,https://www.google.com/maps/place/%E1%BA%A8m+th%E1%BB%B1c+L%E1%BB%99c+V%E1%BB%ABng/data=!4m7!3m6!1s0x31752e56dd25d627:0x1ed583a2cbed2f30!8m2!3d10.7432677!4d106.6680559!16s%2Fg%2F11bw8m4nby!19sChIJJ9Yl3VYudTERMC_ty6KD1R4?authuser=0&hl=en&rclk=1
Quận 5,https://www.google.com/maps/place/Nh%C3%A0+H%C3%A0ng+No/data=!4m7!3m6!1s0x31752f17d1277693:0x600d1d752ce470af!8m2!3d10.7677456!4d106.6915032!16s%2Fg%2F11hdqnykms!19sChIJk3Yn0RcvdTERr3DkLHUdDWA?authuser=0&hl=en&rclk=1
Quận 5,https://www.google.com/maps/place/Ngon+Restaurant/data=!4m7!3m6!1s0x31752f48d88c3da3:0xbd0b6eeb085c542c!8m2!3d10.7774178!4d106.6996655!16s%2Fg%2F1tyzwh69!19sChIJoz2M2EgvdTERLFRcCOtuC70?authuser=0&hl=en&rclk=1
Quận 5,https://www.google.com/maps/place/B%C3%A1t+L%C3%BD+Phong+%7C+Nh%C3%A0+H%C3%A0ng+L%E1%BA%A9u+%26+B%C3%ADt+t%E1%BA%BFt+Qu%E1%BA%ADn+5/data=!4m7!3m6!1s0x31752fd53985fdb3:0x787f75b6c96e064c!8m2!3d10.7522951!4d106.6656711!16s%2Fg%2F11lgt7x750!19sChIJs_2FOdUvdTERTAZuybZ1f3g?authuser=0&hl=en&rclk=1
Quận 5,https://www.google.com/maps/place/Nh%C3%A0+H%C3%A0ng+H%E1%BB%99i+An+Garden/data=!4m7!3m6!1s0x31752f3283cf16af:0x86b9a8f5a6ece7d4!8m2!3d10.783792!4d106.687049!16s%2Fg%2F11h41441f3!19sChIJrxbPgzIvdTER1OfspvWouYY?authuser=0&hl=en&rclk=1
Quận 5,https://www.google.com/maps/place/Qu%C3%A1n+Tr%C3%A0m+Chim/data=!4m7!3m6!1s0x31752dcdd16b30b3:0x310828dd434f72ee!8m2!3d10.7454149!4d106.6147144!16s%2Fg%2F11c6dmllrb!19sChIJszBr0c0tdTER7nJPQ90oCDE?authuser=0&hl=en&rclk=1
Quận 5,https://www.google.com/maps/place/Nh%C3%A0+H%C3%A0ng+Gia+Ph%C3%BA+Ph%C3%BAc+Ki%E1%BA%BFn+%E5%98%89%E5%AF%8C%E7%A6%8F%E5%BB%BA%E8%8F%9C%E9%A4%A8/data=!4m7!3m6!1s0x31752e640c795cef:0xfa234d94becb0834!8m2!3d10.7427053!4d106.6463833!16s%2Fg%2F1hc1vbb7l!19sChIJ71x5DGQudTERNAjLvpRNI_o?authuser=0&hl=en&rclk=1
Quận 5,https://www.google.com/maps/place/Nh%C3%A0+h%C3%A0ng+%E1%BA%A9m+th%E1%BB%B1c+%C3%81+-+%C3%82u+GORDON/data=!4m7!3m6!1s0x31752fd5ccffc65f:0xb1cd58b8ba19d29d!8m2!3d10.7590516!4d106.6923748!16s%2Fg%2F11r5588s69!19sChIJX8b_zNUvdTERndIZurhYzbE?authuser=0&hl=en&rclk=1
Quận 5,https://www.google.com/maps/place/Phong+Lan+Dim+sum/data=!4m7!3m6!1s0x31752ec1908b61a5:0x447f5ec928959506!8m2!3d10.7658294!4d106.6592287!16s%2Fg%2F1td07f5h!19sChIJpWGLkMEudTERBpWVKMlef0Q?authuser=0&hl=en&rclk=1
Quận 5,https://www.google.com/maps/place/Nh%C3%A0+h%C3%A0ng+E%26T/data=!4m7!3m6!1s0x31a0d3f888fb6a4f:0x2476d67beb262047!8m2!3d10.777528!4d106.6850593!16s%2Fg%2F11rwp7h7k7!19sChIJT2r7iPjToDERRyAm63vWdiQ?authuser=0&hl=en&rclk=1
Quận 5,https://www.google.com/maps/place/Nh%C3%A0+h%C3%A0ng+Sakura/data=!4m7!3m6!1s0x31752edc70bea97d:0x37e42e4863580348!8m2!3d10.7741237!4d106.6681502!16s%2Fg%2F11bccmldyr!19sChIJfam-cNwudTERSANYY0gu5Dc?authuser=0&hl=en&rclk=1
Quận 5,https://www.google.com/maps/place/Kichi+Kichi+hotpot/data=!4m7!3m6!1s0x31752f219b1d74bd:0xce3ec1df56b6fc6f!8m2!3d10.7709325!4d106.6813402!16s%2Fg%2F1v16mt42!19sChIJvXQdmyEvdTERb_y2Vt_BPs4?authuser=0&hl=en&rclk=1
Quận 5,https://www.google.com/maps/place/Nh%C3%A0+H%C3%A0ng+C%C3%A1c+M%C3%B3n+Chay+R%C3%94U/data=!4m7!3m6!1s0x31752fecd5dcb967:0xf204904359427970!8m2!3d10.756871!4d106.6859323!16s%2Fg%2F11gjv3y_l2!19sChIJZ7nc1ewvdTERcHlCWUOQBPI?authuser=0&hl=en&rclk=1
Quận 5,https://www.google.com/maps/place/Nh%C3%A0+h%C3%A0ng+chay+Vajra/data=!4m7!3m6!1s0x31752edeb676bc75:0xafa891223067bb1e!8m2!3d10.7711272!4d106.6726449!16s%2Fg%2F11r8qvt30!19sChIJdbx2tt4udTERHrtnMCKRqK8?authuser=0&hl=en&rclk=1
Quận 5,https://www.google.com/maps/place/Nh%C3%A0+H%C3%A0ng/data=!4m7!3m6!1s0x31752ee5ae651759:0x3b332f0ac96d3b7e!8m2!3d10.7615854!4d106.6669658!16s%2Fg%2F11gh9q7v6v!19sChIJWRdlruUudTERfjttyQovMzs?authuser=0&hl=en&rclk=1
Quận 5,https://www.google.com/maps/place/Nh%C3%A0+kh%C3%A1ch+qu%E1%BB%91c+t%E1%BA%BF.nha+h%C3%A0ng+m%E1%BB%B9+m%E1%BB%B9/data=!4m7!3m6!1s0x31752fe14cb876b1:0xc452f58daeb916db!8m2!3d10.7690565!4d106.6810374!16s%2Fg%2F11g4fxsjgq!19sChIJsXa4TOEvdTER2xa5ro31UsQ?authuser=0&hl=en&rclk=1
Quận 5,https://www.google.com/maps/place/Nh%C3%A0+h%C3%A0ng+Parsley/data=!4m7!3m6!1s0x31752ff3d36c2293:0xcfcbe72c3c08b693!8m2!3d10.7697034!4d106.6907673!16s%2Fg%2F11jdmgjhcm!19sChIJkyJs0_MvdTERk7YIPCzny88?authuser=0&hl=en&rclk=1
Quận 5,https://www.google.com/maps/place/Qu%C3%A1n+Chay+Ngon+T%C3%A2n+Ph%C3%BA+-+Nh%C3%A0+h%C3%A0ng+chay+Ph%C3%BA+L%E1%BB%99c+-/data=!4m7!3m6!1s0x31752f31cd48e5f7:0xfbafbe1c066e8f3a!8m2!3d10.7825075!4d106.6370464!16s%2Fg%2F1tmy2k6m!19sChIJ9-VIzTEvdTEROo9uBhy-r_s?authuser=0&hl=en&rclk=1
Quận 5,https://www.google.com/maps/place/Nh%C3%A0+H%C3%A0ng+Level+9/data=!4m7!3m6!1s0x31752f3d8ea7601f:0x837610f26e652d87!8m2!3d10.7680899!4d106.6923005!16s%2Fg%2F11yccjlvb!19sChIJH2Cnjj0vdTERhy1lbvIQdoM?authuser=0&hl=en&rclk=1
Quận 5,https://www.google.com/maps/place/Sumo+Yakiniku+BBQ/data=!4m7!3m6!1s0x31752f218ffb4195:0xd7970b7036458c14!8m2!3d10.7706572!4d106.6812306!16s%2Fg%2F11b6ds8k_x!19sChIJlUH7jyEvdTERFIxFNnALl9c?authuser=0&hl=en&rclk=1
Quận 5,https://www.google.com/maps/place/Ming+Court+Chinese+Restaurant/data=!4m7!3m6!1s0x31752f19375a30f3:0x48de233541b09641!8m2!3d10.7642196!4d106.6829458!16s%2Fg%2F11ddxtt1r_!19sChIJ8zBaNxkvdTERQZawQTUj3kg?authuser=0&hl=en&rclk=1
Quận 5,https://www.google.com/maps/place/Nh%C3%A0+H%C3%A0ng+Chay+Hoa+Thi%C3%AAn/data=!4m7!3m6!1s0x31752f6b20d63965:0xca786cda635bb96e!8m2!3d10.7760615!4d106.6667362!16s%2Fg%2F11r97l5cp5!19sChIJZTnWIGsvdTERbrlbY9pseMo?authuser=0&hl=en&rclk=1
Quận 5,https://www.google.com/maps/place/Nh%C3%A0+h%C3%A0ng+Chay+Gi%C3%A1c+Ng%E1%BB%99/data=!4m7!3m6!1s0x31752fc6f37f7369:0xf3f43b89e9be1c64!8m2!3d10.7603911!4d106.6738604!16s%2Fg%2F11hzpjkzt7!19sChIJaXN_88YvdTERZBy-6Yk79PM?authuser=0&hl=en&rclk=1
Quận 4,https://www.google.com/maps/place/Sky+Zone+Nguy%E1%BB%85n+Hu%E1%BB%87/data=!4m7!3m6!1s0x31752f4962c430db:0x1d5288221ed76040!8m2!3d10.7754439!4d106.7026362!16s%2Fg%2F11pb5r9rhz!19sChIJ2zDEYkkvdTERQGDXHiKIUh0?authuser=0&hl=en&rclk=1
Quận 4,https://www.google.com/maps/place/%E1%BA%A8m+Th%E1%BB%B1c+Qu%C3%AA+Nh%C3%A0+Qu%E1%BA%ADn+3/data=!4m7!3m6!1s0x31752f3407bcb05b:0xc1a8c1fdaebaf71e!8m2!3d10.7845363!4d106.694036!16s%2Fg%2F11c70623yc!19sChIJW7C8BzQvdTERHve6rv3BqME?authuser=0&hl=en&rclk=1
Quận 4,https://www.google.com/maps/place/Vuon+Que+Restaurant/data=!4m7!3m6!1s0x31752f329b787c29:0x314097961eeb5621!8m2!3d10.788098!4d106.688556!16s%2Fg%2F11c2ll_hxc!19sChIJKXx4mzIvdTERIVbrHpaXQDE?authuser=0&hl=en&rclk=1
Quận 4,https://www.google.com/maps/place/%C4%90o%C3%A0n+Vi%C3%AAn+Restaurant/data=!4m7!3m6!1s0x31752f3a17ad4bd7:0xf0dcf05e0cc819be!8m2!3d10.776725!4d106.6936111!16s%2Fg%2F1tdyyfqw!19sChIJ10utFzovdTERvhnIDF7w3PA?authuser=0&hl=en&rclk=1
Quận 4,https://www.google.com/maps/place/Nh%C3%A0+h%C3%A0ng+h%E1%BA%A3i+s%E1%BA%A3n+%26+l%E1%BA%A9u+Yeebo+%28Qu%E1%BA%ADn+1%29+-+Yeebo+Seafood+and+Hotpot+Restaurant+%28District+1%29/data=!4m7!3m6!1s0x31752f4ecb1adacb:0xd38d885d98cfe8c!8m2!3d10.7817787!4d106.7059981!16s%2Fg%2F1tfwmg15!19sChIJy9oay04vdTERjP6M2YXYOA0?authuser=0&hl=en&rclk=1
Quận 4,https://www.google.com/maps/place/Di+Mai+Restaurant/data=!4m7!3m6!1s0x31752f3fcbc80141:0x487d827aa00014ea!8m2!3d10.768882!4d106.6971483!16s%2Fg%2F11csqk2_p1!19sChIJQQHIyz8vdTER6hQAoHqCfUg?authuser=0&hl=en&rclk=1
Quận 4,https://www.google.com/maps/place/Nh%C3%A0+h%C3%A0ng+C%C6%A1m+X%C6%B0a/data=!4m7!3m6!1s0x31752f35931d9771:0xd738f10c6b92c85e!8m2!3d10.7843889!4d106.6973661!16s%2Fg%2F11cs31_948!19sChIJcZcdkzUvdTERXsiSawzxONc?authuser=0&hl=en&rclk=1
Quận 4,https://www.google.com/maps/place/Nh%C3%A0+H%C3%A0ng+Thanh+Ni%C3%AAn/data=!4m7!3m6!1s0x31752f07bcc4c35f:0x1a3e7e9114b4df6!8m2!3d10.7819979!4d106.6986412!16s%2Fg%2F11fhq_cx7h!19sChIJX8PEvAcvdTER9k1LEennowE?authuser=0&hl=en&rclk=1
Quận 4,https://www.google.com/maps/place/Nh%C3%A0+h%C3%A0ng+B%C3%B4ng+Sen/data=!4m7!3m6!1s0x31752f46f645a715:0x1db38e0138646d79!8m2!3d10.7752179!4d106.7038!16s%2Fg%2F11c6lfcb2j!19sChIJFadF9kYvdTEReW1kOAGOsx0?authuser=0&hl=en&rclk=1
Quận 4,https://www.google.com/maps/place/Mandarine+Restaurant/data=!4m7!3m6!1s0x31752f4f277809b9:0x6012e44f98b56781!8m2!3d10.781083!4d106.706074!16s%2Fg%2F1tjfdbbg!19sChIJuQl4J08vdTERgWe1mE_kEmA?authuser=0&hl=en&rclk=1
Quận 4,https://www.google.com/maps/place/Nh%C3%A0+H%C3%A0ng+N%C3%B3n+L%C3%A1/data=!4m7!3m6!1s0x31752f4865e4e3f5:0x23904d56e72e8dc0!8m2!3d10.7861732!4d106.6943258!16s%2Fg%2F1tfnw22h!19sChIJ9ePkZUgvdTERwI0u51ZNkCM?authuser=0&hl=en&rclk=1
Quận 4,https://www.google.com/maps/place/Nh%C3%A0+H%C3%A0ng+Thi%C3%AAn+Nam/data=!4m7!3m6!1s0x31752f408d106a05:0x97d8d96956bcdead!8m2!3d10.770405!4d106.7012249!16s%2Fg%2F11xf7ymyx!19sChIJBWoQjUAvdTERrd68VmnZ2Jc?authuser=0&hl=en&rclk=1
Quận 4,https://www.google.com/maps/place/Mo-Mo-Paradise/data=!4m7!3m6!1s0x31752f37162b578b:0x47c39ea9536d8225!8m2!3d10.7803836!4d106.6954137!16s%2Fg%2F1q6kk7d95!19sChIJi1crFjcvdTERJYJtU6mew0c?authuser=0&hl=en&rclk=1
Quận 4,https://www.google.com/maps/place/Le+Jardin/data=!4m7!3m6!1s0x31752f48fa6675cd:0x9c7168aa90ae22a!8m2!3d10.7800089!4d106.7033491!16s%2Fg%2F1tjdcpb1!19sChIJzXVm-kgvdTERKuIKqYoWxwk?authuser=0&hl=en&rclk=1
Quận 4,https://www.google.com/maps/place/Nh%C3%A0+H%C3%A0ng+Ph%E1%BB%91+79/data=!4m7!3m6!1s0x31752f95a58528a9:0xa84f0e56826ae90a!8m2!3d10.7817995!4d106.6964909!16s%2Fg%2F11h4b8y91l!19sChIJqSiFpZUvdTERCulqglYOT6g?authuser=0&hl=en&rclk=1
Quận 4,https://www.google.com/maps/place/Qu%C3%AA+Vi%E1%BB%87t+Restaurant/data=!4m7!3m6!1s0x31752f44059a22d9:0x2729a018555ad7be!8m2!3d10.7770591!4d106.7065429!16s%2Fg%2F1trvhy0p!19sChIJ2SKaBUQvdTERvtdaVRigKSc?authuser=0&hl=en&rclk=1
Quận 4,https://www.google.com/maps/place/Nh%C3%A0+h%C3%A0ng+chay+Zen+House+%28Zenhouse+Cafe+%26+Vegetarian+Restaurant%29/data=!4m7!3m6!1s0x31752ff5a3c8e763:0x3af65ccf9b344deb!8m2!3d10.7879048!4d106.6567748!16s%2Fg%2F11gxwqyhpn!19sChIJY-fIo_UvdTER6000m89c9jo?authuser=0&hl=en&rclk=1
Quận 4,https://www.google.com/maps/place/Golden+Elephant+Thai+Restaurant/data=!4m7!3m6!1s0x31752f4610d9cd03:0x93eded184fa577ca!8m2!3d10.7770188!4d106.7047903!16s%2Fg%2F1pzsyww7k!19sChIJA83ZEEYvdTERynelTxjt7ZM?authuser=0&hl=en&rclk=1
Quận 4,https://www.google.com/maps/place/Nh%C3%A0+H%C3%A0ng+39+%7C+Nh%C3%A0+H%C3%A0ng+%C4%90%E1%BA%B7c+S%E1%BA%A3n+Qu%E1%BA%ADn+7/data=!4m7!3m6!1s0x31752f8de8e1c19b:0x96021b3d41b2a2ac!8m2!3d10.7439342!4d106.7176332!16s%2Fg%2F11q2276zms!19sChIJm8Hh6I0vdTERrKKyQT0bApY?authuser=0&hl=en&rclk=1
Quận 4,https://www.google.com/maps/place/Nh%C3%A0+H%C3%A0ng+Tib/data=!4m7!3m6!1s0x31752f34773a47e3:0x62842bc6c1157c15!8m2!3d10.7858338!4d106.6942744!16s%2Fg%2F1vpq4c2m!19sChIJ40c6dzQvdTERFXwVwcYrhGI?authuser=0&hl=en&rclk=1
Quận 4,https://www.google.com/maps/place/Nh%C3%A0+H%C3%A0ng+Chay+M%E1%BB%98C+NHI%C3%8AN+-+Tr%C6%B0%E1%BB%9Dng+Sa/data=!4m7!3m6!1s0x31752f72e86ce043:0x60a79979faee015a!8m2!3d10.7881937!4d106.6827688!16s%2Fg%2F11h79mk4_2!19sChIJQ-Bs6HIvdTERWgHu-nmZp2A?authuser=0&hl=en&rclk=1
Quận 4,https://www.google.com/maps/place/Shri+Restaurant+%26+Lounge/data=!4m7!3m6!1s0x31752f3668831113:0xcbcada261d5a95a3!8m2!3d10.7827046!4d106.6974352!16s%2Fg%2F1tf2v91f!19sChIJExGDaDYvdTERo5VaHSbayss?authuser=0&hl=en&rclk=1
Quận 4,https://www.google.com/maps/place/Le+Corto/data=!4m7!3m6!1s0x31752f46183b600f:0x2d05f35baaca375b!8m2!3d10.7778215!4d106.704637!16s%2Fg%2F11cms299_3!19sChIJD2A7GEYvdTERWzfKqlvzBS0?authuser=0&hl=en&rclk=1
Quận 4,https://www.google.com/maps/place/Cocasuki+Restaurant/data=!4m7!3m6!1s0x31752f4665440da9:0x673be36507e2f946!8m2!3d10.7652723!4d106.705053!16s%2Fg%2F11g8w9g7h_!19sChIJqQ1EZUYvdTERRvniB2XjO2c?authuser=0&hl=en&rclk=1
Quận 4,https://www.google.com/maps/place/Lai+Restaurant/data=!4m7!3m6!1s0x31752ff4f9abc731:0x1b246818bb91efb1!8m2!3d10.7728907!4d106.7005597!16s%2Fg%2F11gr2y7qxb!19sChIJMcer-fQvdTERse-RuxhoJBs?authuser=0&hl=en&rclk=1
Quận 4,https://www.google.com/maps/place/MK+Restaurant/data=!4m7!3m6!1s0x31752f47d8158337:0x9f1908c9055acfca!8m2!3d10.7780732!4d106.7020083!16s%2Fg%2F11b6d0076g!19sChIJN4MV2EcvdTERys9aBckIGZ8?authuser=0&hl=en&rclk=1
Quận 4,https://www.google.com/maps/place/Lac+Thai+Resraurant/data=!4m7!3m6!1s0x31752f46ed624351:0x926e0ee982909f3e!8m2!3d10.7746015!4d106.7042242!16s%2Fg%2F1thp5h9l!19sChIJUUNi7UYvdTERPp-QgukObpI?authuser=0&hl=en&rclk=1
Quận 4,https://www.google.com/maps/place/Nh%C3%A0+h%C3%A0ng+Las+Vegas/data=!4m7!3m6!1s0x31752595830a2917:0xf30875fa4506dfcb!8m2!3d10.7514788!4d106.7234014!16s%2Fg%2F11hzqg5c2b!19sChIJFykKg5UldTERy98GRfp1CPM?authuser=0&hl=en&rclk=1
Quận 4,https://www.google.com/maps/place/Nh%C3%A0+h%C3%A0ng+Y%E1%BA%BFn+s%C3%A0o+H%E1%BA%A3i+Nam/data=!4m7!3m6!1s0x31752fdcea088ffd:0x61e60e5a63028c62!8m2!3d10.7751055!4d106.7047692!16s%2Fg%2F11flc3l0g6!19sChIJ_Y8I6twvdTERYowCY1oO5mE?authuser=0&hl=en&rclk=1
Quận 4,https://www.google.com/maps/place/Yu+Chu+-+Chinese+Restaurant/data=!4m7!3m6!1s0x31752f4833b03055:0x72d976563f0851f2!8m2!3d10.7809758!4d106.7006745!16s%2Fg%2F11bxjq3ww0!19sChIJVTCwM0gvdTER8lEIP1Z22XI?authuser=0&hl=en&rclk=1
Quận 4,https://www.google.com/maps/place/San+Fu+Lou+-+Cantonese+Kitchen+%28Le+Lai%29/data=!4m7!3m6!1s0x31752f3e7e1be0ad:0x1267a480eafe82a3!8m2!3d10.7704659!4d106.6942889!16s%2Fg%2F11cn8s2hxp!19sChIJreAbfj4vdTERo4L-6oCkZxI?authuser=0&hl=en&rclk=1
Quận 4,https://www.google.com/maps/place/Li+Bai+Restaurant/data=!4m7!3m6!1s0x31752f91eed42415:0xa178e41d3c672dda!8m2!3d10.7758069!4d106.7039095!16s%2Fg%2F11sm70dxh6!19sChIJFSTU7pEvdTER2i1nPB3keKE?authuser=0&hl=en&rclk=1
Quận 4,https://www.google.com/maps/place/Nh%C3%A0+H%C3%A0ng+Th%E1%BA%A1ch+H%C3%A3n/data=!4m7!3m6!1s0x31752f78ebb25565:0x54c192ef3b8ce452!8m2!3d10.7463257!4d106.7160342!16s%2Fg%2F11zq3yntv!19sChIJZVWy63gvdTERUuSMO--SwVQ?authuser=0&hl=en&rclk=1
Quận 4,https://www.google.com/maps/place/Nh%C3%A0+h%C3%A0ng+Gyu+Shige+-+Ng%C6%B0u+Ph%E1%BB%93n+-+Tr%E1%BA%A7n+H%C6%B0ng+%C4%90%E1%BA%A1o/data=!4m7!3m6!1s0x31752faa0c081ef5:0xa19773f8eb275b8b!8m2!3d10.7691835!4d106.6960536!16s%2Fg%2F11h64mz34m!19sChIJ9R4IDKovdTERi1sn6_hzl6E?authuser=0&hl=en&rclk=1
Quận 4,https://www.google.com/maps/place/NOIR.+%C4%82n+trong+b%C3%B3ng+t%E1%BB%91i+%7C+Dining+in+the+Dark+Saigon/data=!4m7!3m6!1s0x31752f3470bd9e13:0xae854621c16b504b!8m2!3d10.7866367!4d106.6946782!16s%2Fg%2F11b6svyk28!19sChIJE569cDQvdTERS1BrwSFGha4?authuser=0&hl=en&rclk=1
Quận 4,https://www.google.com/maps/place/Ocean+Palace/data=!4m7!3m6!1s0x31752f4b6ef63625:0xcdb76952061f5755!8m2!3d10.7873697!4d106.7044803!16s%2Fg%2F1hc28v5xp!19sChIJJTb2bksvdTERVVcfBlJpt80?authuser=0&hl=en&rclk=1
Quận 4,https://www.google.com/maps/place/King+Of+Crab/data=!4m7!3m6!1s0x31752f1929e955c1:0x66744ca8f7eb7703!8m2!3d10.7601514!4d106.6942412!16s%2Fg%2F11ff536db9!19sChIJwVXpKRkvdTERA3fr96hMdGY?authuser=0&hl=en&rclk=1
Quận 4,https://www.google.com/maps/place/Nh%C3%A0+h%C3%A0ng+Tu%E1%BA%A5n+%26+T%C3%BA/data=!4m7!3m6!1s0x31752f4f00000001:0x8c67e3f3dac841ff!8m2!3d10.7834441!4d106.7039617!16s%2Fg%2F11rmxjwhd9!19sChIJAQAAAE8vdTER_0HI2vPjZ4w?authuser=0&hl=en&rclk=1
Quận 4,https://www.google.com/maps/place/MK+Restaurant/data=!4m7!3m6!1s0x31752f37f82c4b27:0x8f4cf7b6c67afd5b!8m2!3d10.7785548!4d106.6993985!16s%2Fg%2F11b86lnn2j!19sChIJJ0ss-DcvdTERW_16xrb3TI8?authuser=0&hl=en&rclk=1
Quận 4,https://www.google.com/maps/place/Rooftop+BBQ/data=!4m7!3m6!1s0x31752f4f31a6b883:0x269b1b504ce26397!8m2!3d10.7813142!4d106.7006015!16s%2Fg%2F11ghp2878k!19sChIJg7imMU8vdTERl2PiTFAbmyY?authuser=0&hl=en&rclk=1
Quận 4,https://www.google.com/maps/place/Nh%C3%A0+H%C3%A0ng+OLiu+%C4%90%E1%BB%8F/data=!4m7!3m6!1s0x31752f6bb73779f1:0x5285de9c6454d21b!8m2!3d10.7638446!4d106.703985!16s%2Fg%2F11c5_flwm6!19sChIJ8Xk3t2svdTERG9JUZJzehVI?authuser=0&hl=en&rclk=1
Quận 4,https://www.google.com/maps/place/Nh%C3%A0+h%C3%A0ng+Lekker+-+Nh%C3%A0+H%C3%A0ng+Vi%E1%BB%87t+Cao+C%E1%BA%A5p/data=!4m7!3m6!1s0x31752ff02a13816f:0xd299581cc7ec9f51!8m2!3d10.7808334!4d106.702825!16s%2Fg%2F11tmv2tfk5!19sChIJb4ETKvAvdTERUZ_sxxxYmdI?authuser=0&hl=en&rclk=1
Quận 4,https://www.google.com/maps/place/Nh%C3%A0+h%C3%A0ng+chay+Ph%C6%B0%C6%A1ng+Mai/data=!4m7!3m6!1s0x31752f33313de573:0x58300b11d17e58bc!8m2!3d10.7891501!4d106.6920372!16s%2Fg%2F11ddzt26nf!19sChIJc-U9MTMvdTERvFh-0RELMFg?authuser=0&hl=en&rclk=1
Quận 4,https://www.google.com/maps/place/Banh+Mi+Yummy/data=!4m7!3m6!1s0x31752fd5f49c2b5b:0xb8a46e5c0700356b!8m2!3d10.779717!4d106.6930929!16s%2Fg%2F11sv3ct89s!19sChIJWyuc9NUvdTERazUAB1xupLg?authuser=0&hl=en&rclk=1
Quận 4,https://www.google.com/maps/place/Nh%C3%A0+H%C3%A0ng/data=!4m7!3m6!1s0x31752f71754b0d15:0x860a7e41387ba6b4!8m2!3d10.7532986!4d106.7072384!16s%2Fg%2F11g047tz7j!19sChIJFQ1LdXEvdTERtKZ7OEF-CoY?authuser=0&hl=en&rclk=1
Quận 4,https://www.google.com/maps/place/King+BBQ/data=!4m7!3m6!1s0x31752f47d91195e7:0x84301e2ff862955c!8m2!3d10.7781832!4d106.7017172!16s%2Fg%2F1hc8ypdyy!19sChIJ55UR2UcvdTERXJVi-C8eMIQ?authuser=0&hl=en&rclk=1
Quận 4,https://www.google.com/maps/place/Saigon+Princess+-+Unique+Luxurious+Dining+Cruise/data=!4m7!3m6!1s0x31752f427023efbf:0xee16a22d0729fa93!8m2!3d10.7674698!4d106.707975!16s%2Fg%2F11gd4hcr2q!19sChIJv-8jcEIvdTERk_opBy2iFu4?authuser=0&hl=en&rclk=1
Quận 4,https://www.google.com/maps/place/Kissho+Restaurant/data=!4m7!3m6!1s0x31752f443ace7b11:0x6bca8170ed64fa0c!8m2!3d10.7732161!4d106.7049999!16s%2Fg%2F1tfkstpq!19sChIJEXvOOkQvdTERDPpk7XCByms?authuser=0&hl=en&rclk=1
Quận 4,https://www.google.com/maps/place/Nh%C3%A0+H%C3%A0ng+Buffet+Victory/data=!4m7!3m6!1s0x31752f30cb8f42b7:0xb007576b3bc8822e!8m2!3d10.7806578!4d106.6936273!16s%2Fg%2F1thr4ny9!19sChIJt0KPyzAvdTERLoLIO2tXB7A?authuser=0&hl=en&rclk=1
Quận 4,https://www.google.com/maps/place/Nh%C3%A0+h%C3%A0ng+Yoshinoya/data=!4m7!3m6!1s0x31752f6fd9e8a7f3:0x24ab7c3d1770242f!8m2!3d10.7818641!4d106.7047293!16s%2Fg%2F11fv41ypk3!19sChIJ86fo2W8vdTERLyRwFz18qyQ?authuser=0&hl=en&rclk=1
Quận 4,https://www.google.com/maps/place/Nh%C3%A0+H%C3%A0ng+%C3%81i+Hu%C3%AA/data=!4m7!3m6!1s0x31752ef7568a6f69:0xb9e51a0df86a033d!8m2!3d10.7521046!4d106.6596358!16s%2Fg%2F1pp2v17x9!19sChIJaW-KVvcudTERPQNq-A0a5bk?authuser=0&hl=en&rclk=1
